number,timestamp,transactions,gas_used,gas_limit,size
20382028,1721891975,176,19052260,30000000,66560
20382029,1721891987,105,9372537,30000000,42026
20382030,1721891999,170,18697973,30000000,77547
20382031,1721892011,151,12427519,30000000,53419
20382032,1721892023,139,12690659,30000000,59310
20382033,1721892035,158,17164610,30000000,72760
20382034,1721892047,163,13002884,30000000,62473
20382035,1721892059,128,13573376,30000000,49258
20382036,1721892071,138,13484369,30000000,69284
20382037,1721892083,178,18251531,30000000,69430
20382038,1721892095,172,21364714,30000000,81860
20382039,1721892107,156,19081970,30000000,83021
20382040,1721892119,90,4636332,30000000,21678
20382041,1721892131,197,22200186,30000000,93468
20382042,1721892143,173,15807515,30000000,94116
20382043,1721892155,59,3805513,30000000,17815
20382044,1721892167,232,28598318,30000000,112969
20382045,1721892179,119,10134911,30000000,47882
20382046,1721892191,139,14676284,30000000,69198
20382047,1721892203,154,13502638,30000000,61113
20382048,1721892215,140,18173989,30000000,63943
20382049,1721892227,152,14631650,30000000,65268
20382050,1721892239,128,12767177,30000000,50979
20382051,1721892263,253,23577961,30000000,113876
20382052,1721892275,138,14195465,30000000,53021
20382053,1721892287,150,14468207,30000000,57173
20382054,1721892299,76,7415160,30000000,42645
20382055,1721892311,143,13704672,30000000,54098
20382056,1721892323,128,10504069,30000000,47946
20382057,1721892335,191,18620333,30000000,64226
20382058,1721892347,175,18238179,30000000,84732
20382059,1721892359,113,16943562,30000000,171464
20382060,1721892371,134,14682987,30000000,56691
20382061,1721892383,120,9906518,30000000,48739
20382062,1721892395,199,20561343,30000000,78164
20382063,1721892407,129,15755613,30000000,60421
20382064,1721892419,110,15362588,30000000,68822
20382065,1721892431,136,15065551,30000000,87543
20382066,1721892443,108,10357218,30000000,41857
20382067,1721892455,159,16548522,30000000,76878
20382068,1721892467,134,16970890,30000000,52440
20382069,1721892479,96,9811847,30000000,48899
20382070,1721892491,178,18201693,30000000,76714
20382071,1721892503,105,7584834,30000000,41214
20382072,1721892515,173,16955021,30000000,72606
20382073,1721892527,151,17707074,30000000,65804
20382074,1721892539,140,14836992,30000000,70462
20382075,1721892551,148,13738624,30000000,61769
20382076,1721892563,124,12577355,30000000,176413
20382077,1721892575,189,20349328,30000000,81034
20382078,1721892587,138,12753916,30000000,50343
20382079,1721892599,131,15281119,30000000,50148
20382080,1721892611,287,22736081,30000000,90509
20382081,1721892623,173,17051957,30000000,156065
20382082,1721892635,200,17600422,30000000,71812
20382083,1721892647,171,17713952,30000000,71647
20382084,1721892659,82,6349506,30000000,27695
20382085,1721892671,196,17710273,30000000,85088
20382086,1721892683,173,18117492,30000000,80702
20382087,1721892695,135,11583001,30000000,56980
20382088,1721892707,152,17899010,30000000,64092
20382089,1721892719,157,16356196,30000000,78325
20382090,1721892731,135,13093278,30000000,53981
20382091,1721892743,208,17923775,30000000,87254
20382092,1721892755,116,9509868,30000000,40272
20382093,1721892767,160,14688608,30000000,64464
20382094,1721892779,163,17596485,30000000,78543
20382095,1721892791,106,14400946,30000000,45152
20382096,1721892803,182,19087868,30000000,87384
20382097,1721892815,178,24602594,30000000,202878
20382098,1721892827,131,17969117,30000000,65090
20382099,1721892839,167,19886465,30000000,83554
20382100,1721892851,196,19287724,30000000,91879
20382101,1721892863,115,13108386,30000000,62380
20382102,1721892875,159,13749978,30000000,64940
20382103,1721892887,113,12016659,30000000,50569
20382104,1721892899,145,17709820,30000000,64125
20382105,1721892911,107,18168052,30000000,65387
20382106,1721892923,108,10227161,30000000,39508
20382107,1721892935,210,19608701,30000000,106068
20382108,1721892947,164,12171526,30000000,65846
20382109,1721892959,168,19980009,30000000,90380
20382110,1721892971,159,14335339,30000000,60590
20382111,1721892983,145,10028501,30000000,48349
20382112,1721892995,184,17752142,30000000,76127
20382113,1721893007,97,14077250,30000000,49064
20382114,1721893019,131,11457398,30000000,43936
20382115,1721893031,41,1629905,30000000,8608
20382116,1721893043,56,2972196,30000000,14448
20382117,1721893055,300,29067031,30000000,156448
20382118,1721893067,174,17991571,30000000,65047
20382119,1721893079,111,10269300,30000000,46533
20382120,1721893091,143,16143468,30000000,75210
20382121,1721893103,97,9415661,30000000,43341
20382122,1721893115,188,21101213,30000000,107054
20382123,1721893127,150,19589166,30000000,64967
20382124,1721893139,66,3338094,30000000,15219
20382125,1721893151,203,18790921,30000000,95507
20382126,1721893163,226,19193873,30000000,78414
20382127,1721893175,170,12926761,30000000,64087
20382128,1721893187,127,14119886,30000000,50881
20382129,1721893199,120,8995293,30000000,36554
20382130,1721893211,224,24072548,30000000,172357
20382131,1721893223,162,12929679,30000000,73112
20382132,1721893235,156,12251612,30029295,57797
20382133,1721893247,144,15284875,30000000,54707
20382134,1721893259,95,8214982,30000000,40782
20382135,1721893271,202,19996162,30000000,82370
20382136,1721893283,161,15159983,30000000,72240
20382137,1721893295,80,5992096,30000000,21530
20382138,1721893307,155,14731702,30000000,71032
20382139,1721893319,192,21988423,30000000,82535
20382140,1721893331,94,6683502,30000000,31582
20382141,1721893343,186,21235090,30000000,86389
20382142,1721893355,138,14325860,30000000,69333
20382143,1721893367,143,16485418,30000000,65135
20382144,1721893379,141,14498927,30000000,64479
20382145,1721893391,153,15423963,30000000,152003
20382146,1721893403,202,15779729,30000000,72572
20382147,1721893415,150,13846081,30000000,68156
20382148,1721893427,125,13079598,30000000,47049
20382149,1721893439,201,20891812,30000000,99722
20382150,1721893451,138,14856780,30000000,55649
20382151,1721893463,148,14148275,30000000,59694
20382152,1721893475,108,10831120,30000000,51090
20382153,1721893487,170,16130053,30000000,76601
20382154,1721893499,139,11839149,30000000,51217
20382155,1721893511,182,24192454,30000000,122430
20382156,1721893523,127,10517527,30000000,40632
20382157,1721893535,158,12509505,30000000,55216
20382158,1721893547,122,12696749,30000000,49752
20382159,1721893559,182,19829003,30000000,88093
20382160,1721893571,160,14287513,30000000,64194
20382161,1721893583,121,19549837,30000000,85668
20382162,1721893595,108,11440565,30000000,50413
20382163,1721893607,250,19887473,30000000,101971
20382164,1721893619,131,14662300,30000000,56050
20382165,1721893631,161,16784574,30000000,61848
20382166,1721893643,115,11576893,30000000,46862
20382167,1721893655,149,13458242,30000000,68288
20382168,1721893667,94,6287937,30000000,25767
20382169,1721893679,250,25310913,30000000,107974
20382170,1721893691,131,10858784,30000000,51646
20382171,1721893703,129,14309651,30000000,85986
20382172,1721893715,135,12488596,30000000,55771
20382173,1721893727,154,16025204,30000000,62986
20382174,1721893739,113,10611908,30000000,43052
20382175,1721893751,158,16904195,30000000,82417
20382176,1721893763,74,4585403,30000000,20902
20382177,1721893775,184,18295317,30000000,74053
20382178,1721893787,197,14713760,30000000,59715
20382179,1721893799,92,8229861,30000000,22833
20382180,1721893811,174,16514810,30000000,69033
20382181,1721893823,200,24583347,30000000,172281
20382182,1721893835,144,15242069,30000000,69437
20382183,1721893847,156,11006858,30000000,58201
20382184,1721893859,121,12722557,30000000,67613
20382185,1721893871,196,17761019,30000000,86103
20382186,1721893883,162,15816075,30000000,87939
20382187,1721893895,158,15729933,30000000,68371
20382188,1721893907,150,11739500,30000000,50712
20382189,1721893919,137,14544357,30000000,76382
20382190,1721893931,158,14269367,30000000,68884
20382191,1721893943,33,1687419,30000000,8764
20382192,1721893955,283,24455353,30000000,118822
20382193,1721893967,170,16279142,30000000,68375
20382194,1721893979,169,16052797,30000000,76879
20382195,1721893991,114,9738390,30000000,49942
20382196,1721894003,182,20169064,30000000,92730
20382197,1721894015,108,9238706,30000000,41978
20382198,1721894027,153,14351918,30000000,68115
20382199,1721894039,72,5887953,30000000,26014
20382200,1721894051,322,29827865,30000000,125460
20382201,1721894063,75,6386644,30000000,30803
20382202,1721894075,209,22084268,30000000,107007
20382203,1721894087,164,15835616,30000000,72695
20382204,1721894099,131,11635805,30000000,52435
20382205,1721894111,214,26873721,30000000,102309
20382206,1721894123,156,20094686,30000000,184923
20382207,1721894135,162,21113993,30000000,97405
20382208,1721894147,154,13756048,30000000,65013
20382209,1721894159,127,14434853,30000000,81980
20382210,1721894171,131,13458738,30000000,52839
20382211,1721894183,207,29952063,30000000,116893
20382212,1721894195,111,11087322,30000000,55220
20382213,1721894207,176,17933081,30000000,81309
20382214,1721894219,136,28196177,30000000,100394
20382215,1721894231,142,14811448,30000000,70752
20382216,1721894243,136,14555336,30000000,65950
20382217,1721894255,148,12276845,30000000,64308
20382218,1721894267,215,26321089,30000000,88955
20382219,1721894279,116,11376580,30000000,53924
20382220,1721894291,133,13925848,30000000,63584
20382221,1721894303,171,22626537,30000000,73049
20382222,1721894315,109,7445123,30000000,29345
20382223,1721894327,226,26540817,30000000,441760
20382224,1721894339,158,24465018,30000000,74635
20382225,1721894351,55,3545590,30000000,14905
20382226,1721894363,191,19147361,30000000,77067
20382227,1721894375,233,23672027,30000000,81012
20382228,1721894387,110,9944053,30000000,60845
20382229,1721894399,145,11229596,30000000,51416
20382230,1721894411,275,25727684,30000000,76379
20382231,1721894423,166,12896863,30000000,67001
20382232,1721894435,202,16053243,30000000,84385
20382233,1721894447,161,29982511,30000000,64722
20382234,1721894459,171,19631400,30000000,173499
20382235,1721894471,129,14772768,30000000,37574
20382236,1721894483,174,14116743,30000000,75950
20382237,1721894495,162,11848410,30000000,46271
20382238,1721894507,178,15602788,30000000,63374
20382239,1721894519,159,13214903,30000000,69161
20382240,1721894531,119,9132481,30000000,39080
20382241,1721894543,131,11082594,30000000,53729
20382242,1721894555,168,25412711,30000000,64740
20382243,1721894567,118,10497100,30000000,61017
20382244,1721894579,157,17208654,30000000,53327
20382245,1721894591,151,12224436,30000000,69837
20382246,1721894603,136,12642677,30000000,58161
20382247,1721894615,123,12761641,30000000,53342
20382248,1721894627,214,17720030,30000000,81722
20382249,1721894639,153,15524537,30000000,60963
20382250,1721894651,129,10675562,30000000,52991
20382251,1721894663,130,11095690,30000000,51510
20382252,1721894675,182,18842405,30000000,85153
20382253,1721894687,158,26094131,30000000,73744
20382254,1721894699,144,14232363,30000000,78752
20382255,1721894711,127,11564113,30000000,56071
20382256,1721894723,163,20440808,30000000,178815
20382257,1721894735,158,12930395,30000000,55316
20382258,1721894747,108,5039425,30000000,23838
20382259,1721894759,179,19972957,30000000,79895
20382260,1721894771,316,20963287,30000000,103673
20382261,1721894783,192,13907206,30000000,60169
20382262,1721894795,179,16000758,30000000,75699
20382263,1721894807,239,16564942,30000000,76798
20382264,1721894819,126,10843288,30000000,54962
20382265,1721894831,149,17100115,30000000,154674
20382266,1721894843,92,6161375,30000000,34701
20382267,1721894855,183,22810261,30000000,77826
20382268,1721894867,147,11815902,30000000,63156
20382269,1721894879,148,10302741,30000000,50785
20382270,1721894891,158,15827390,30000000,62218
20382271,1721894903,154,12974278,30000000,63882
20382272,1721894915,110,8996258,30000000,31930
20382273,1721894927,222,18627217,30000000,82843
20382274,1721894939,112,9145912,30000000,45432
20382275,1721894951,190,20600172,30000000,174320
20382276,1721894963,189,14052559,30000000,77582
20382277,1721894975,181,15701215,30000000,60131
20382278,1721894987,139,9957017,30000000,42787
20382279,1721894999,178,14534270,30000000,68474
20382280,1721895011,132,10002681,30000000,43088
20382281,1721895023,174,16772353,30000000,56869
20382282,1721895035,162,15168056,30000000,65292
20382283,1721895047,144,14893172,30000000,70849
20382284,1721895059,190,14700568,30000000,68791
20382285,1721895071,184,15535068,30000000,76818
20382286,1721895083,115,9717919,30000000,40298
20382287,1721895095,149,13055611,30000000,67081
20382288,1721895107,81,5595318,30000000,23619
20382289,1721895119,204,17262159,30000000,80740
20382290,1721895131,184,16898936,30000000,80975
20382291,1721895143,167,15776454,30000000,62425
20382292,1721895155,185,14433713,30000000,70481
20382293,1721895167,162,13305174,30000000,60874
20382294,1721895179,152,12700121,30000000,63121
20382295,1721895191,170,16503252,30000000,71058
20382296,1721895203,183,17044062,30000000,80898
20382297,1721895215,115,7801007,30000000,31773
20382298,1721895227,216,16792224,30000000,85660
20382299,1721895239,164,15055974,30000000,73572
20382300,1721895251,163,13211205,30000000,61709
20382301,1721895263,152,18438585,30000000,159221
20382302,1721895275,130,12544920,30000000,48751
20382303,1721895287,100,10951756,30000000,46044
20382304,1721895299,173,18088843,30000000,100719
20382305,1721895311,147,15071109,30000000,70547
20382306,1721895323,143,14210699,30000000,74323
20382307,1721895335,187,15610826,30000000,115606
20382308,1721895347,170,16862220,30000000,69772
20382309,1721895359,126,10847197,30000000,44286
20382310,1721895371,105,6530853,30000000,30526
20382311,1721895383,304,28449546,30000000,130703
20382312,1721895395,139,9886200,30000000,47662
20382313,1721895407,168,15156085,30000000,69262
20382314,1721895419,143,9954953,30000000,37510
20382315,1721895431,211,20929386,30000000,99707
20382316,1721895443,131,10066698,30000000,49701
20382317,1721895455,153,16467029,30000000,81390
20382318,1721895467,158,14657865,30000000,66074
20382319,1721895479,159,16817542,30000000,90026
20382320,1721895491,127,12464938,30000000,56808
20382321,1721895503,189,15433687,30000000,72672
20382322,1721895515,162,13765439,30000000,61034
20382323,1721895527,163,23596662,30000000,190249
20382324,1721895539,60,3539161,30000000,16055
20382325,1721895551,225,20377244,30000000,92802
20382326,1721895563,132,11497596,30000000,54775
20382327,1721895575,154,14134399,30000000,66687
20382328,1721895587,138,13701859,30000000,71630
20382329,1721895599,143,12457622,30000000,59040
20382330,1721895611,183,16552635,30000000,81175
20382331,1721895623,204,22133302,30000000,95424
20382332,1721895635,92,6029733,30000000,25380
20382333,1721895647,194,17099039,30000000,78075
20382334,1721895659,108,7892454,30000000,34180
20382335,1721895671,223,18257167,30000000,83943
20382336,1721895683,123,10279862,30000000,46868
20382337,1721895695,143,13039792,30000000,51218
20382338,1721895707,264,22146246,30000000,91189
20382339,1721895719,140,10516545,30000000,47382
20382340,1721895731,167,12742328,30000000,54388
20382341,1721895743,137,12275350,30000000,52030
20382342,1721895755,122,16266510,30000000,157703
20382343,1721895767,86,6128261,30000000,32989
20382344,1721895779,184,18715544,30000000,106668
20382345,1721895791,206,25311422,30000000,139941
20382346,1721895803,139,12316960,30000000,53839
20382347,1721895815,165,12787647,30000000,50878
20382348,1721895827,165,14329866,30000000,62918
20382349,1721895839,141,15866275,30000000,70872
20382350,1721895851,174,23647073,30000000,78103
20382351,1721895863,137,11906226,30000000,52058
20382352,1721895875,174,17406435,30000000,83215
20382353,1721895887,107,10115317,30000000,45688
20382354,1721895899,55,3151497,30000000,14398
20382355,1721895911,292,29985167,30000000,117031
20382356,1721895923,192,20655317,30000000,69792
20382357,1721895935,107,9913838,30000000,58730
20382358,1721895947,131,15245493,30000000,87902
20382359,1721895959,117,9996494,30000000,45123
20382360,1721895971,176,17138452,30000000,56017
20382361,1721895983,209,16077113,30000000,67827
20382362,1721895995,127,15900353,30000000,58728
20382363,1721896007,240,15022665,30000000,71550
20382364,1721896019,84,6175462,30000000,26441
20382365,1721896031,231,29998272,30000000,116077
20382366,1721896043,102,7542063,30000000,46617
20382367,1721896055,268,28542476,30000000,113125
20382368,1721896067,175,17970711,30000000,97836
20382369,1721896079,106,6826155,30000000,28734
20382370,1721896091,227,19596429,30000000,99861
20382371,1721896103,154,16812959,30000000,67610
20382372,1721896115,100,6215960,30000000,26348
20382373,1721896127,247,21641913,30000000,90777
20382374,1721896139,129,17922240,30000000,64793
20382375,1721896151,224,15423647,30000000,64916
20382376,1721896163,78,8073285,30000000,38461
20382377,1721896175,307,29222354,30000000,126046
20382378,1721896187,138,19805914,30000000,180074
20382379,1721896199,136,14521086,30000000,62919
20382380,1721896211,244,13778632,30000000,59369
20382381,1721896223,212,16329164,30000000,68766
20382382,1721896235,201,13784574,30000000,61315
20382383,1721896247,164,13840793,30000000,59633
20382384,1721896259,127,9647303,30000000,43752
20382385,1721896271,151,12501565,30000000,50676
20382386,1721896283,232,19472481,30000000,92719
20382387,1721896295,219,18580097,30000000,68300
20382388,1721896307,185,18708862,30000000,88771
20382389,1721896319,148,11333757,30000000,53280
20382390,1721896331,212,22095693,30000000,122952
20382391,1721896343,148,12152226,30000000,53752
20382392,1721896355,120,10162789,30000000,44953
20382393,1721896367,174,20305053,30000000,102363
20382394,1721896379,131,10983147,30000000,49254
20382395,1721896391,159,14088804,30000000,65319
20382396,1721896403,124,11006667,30000000,38905
20382397,1721896415,129,16523046,30000000,55489
20382398,1721896427,226,22313226,30000000,96183
20382399,1721896439,123,12675365,30000000,68404
20382400,1721896451,210,22892490,30000000,109108
20382401,1721896463,120,15444784,30000000,71480
20382402,1721896475,155,13692040,30000000,58810
20382403,1721896487,111,14890926,30000000,148757
20382404,1721896499,166,16401351,30000000,116539
20382405,1721896511,184,23584114,30000000,138481
20382406,1721896523,121,14084394,30000000,42112
20382407,1721896535,192,13740921,30000000,72643
20382408,1721896547,155,12768103,30000000,55116
20382409,1721896559,175,17796139,30000000,77431
20382410,1721896571,130,12313440,30000000,46828
20382411,1721896583,162,15723405,30000000,83648
20382412,1721896595,163,13744661,30000000,65174
20382413,1721896607,171,17421700,30000000,97963
20382414,1721896619,138,12176748,30000000,58483
20382415,1721896631,160,12545078,30000000,54098
20382416,1721896643,134,11287834,30000000,53429
20382417,1721896655,138,11494547,30000000,49921
20382418,1721896667,100,7985343,30000000,39073
20382419,1721896679,259,23504419,30000000,115513
20382420,1721896691,147,11355900,30000000,50529
20382421,1721896703,142,12400318,30000000,57150
20382422,1721896715,204,17123723,30000000,85239
20382423,1721896727,100,9401737,30000000,40799
20382424,1721896739,191,18367583,30000000,70176
20382425,1721896751,136,13721597,30000000,59224
20382426,1721896763,209,14956786,30000000,75742
20382427,1721896775,157,16899323,30000000,160143
20382428,1721896787,166,12084905,30000000,58774
20382429,1721896799,167,21236862,30000000,84644
20382430,1721896811,117,9755185,30000000,40137
20382431,1721896823,175,16841304,30029295,92337
20382432,1721896835,197,20348540,30000000,83468
20382433,1721896847,85,7590478,30000000,29224
20382434,1721896859,161,16771780,30000000,72381
20382435,1721896871,107,7310738,30000000,43376
20382436,1721896883,161,15866787,30000000,73074
20382437,1721896895,219,20999598,30000000,103894
20382438,1721896907,172,18455786,30000000,92180
20382439,1721896919,147,20795464,30000000,69913
20382440,1721896931,153,14782185,30000000,84429
20382441,1721896943,43,1790692,30000000,11437
20382442,1721896955,226,18609445,30000000,82291
20382443,1721896979,169,11923526,30000000,53601
20382444,1721896991,277,27808362,30000000,115521
20382445,1721897003,123,12452759,30000000,141083
20382446,1721897015,206,23136359,30000000,196598
20382447,1721897027,190,16234137,30000000,80215
20382448,1721897039,112,9391443,30000000,41403
20382449,1721897051,169,25178047,30000000,106579
20382450,1721897063,55,4768148,30000000,19118
20382451,1721897075,221,19414428,30000000,107220
20382452,1721897087,131,11928098,30000000,68153
20382453,1721897099,67,4812635,30000000,22260
20382454,1721897111,236,23842822,30000000,97676
20382455,1721897123,118,10041391,30000000,39422
20382456,1721897135,174,15936374,30000000,67060
20382457,1721897147,155,9906404,30000000,45249
20382458,1721897159,129,12166332,30000000,57038
20382459,1721897171,189,14160214,30000000,61703
20382460,1721897183,129,13964562,30000000,62886
20382461,1721897195,204,19879472,30000000,90275
20382462,1721897207,150,12208117,30000000,55686
20382463,1721897219,182,18029763,30000000,91152
20382464,1721897231,123,10509935,30000000,42643
20382465,1721897243,231,27838306,30000000,87843
20382466,1721897255,140,21055208,30000000,179669
20382467,1721897267,133,11874582,30000000,53070
20382468,1721897279,152,15692270,30000000,89071
20382469,1721897291,178,14951660,30000000,67150
20382470,1721897303,116,7903448,30000000,35137
20382471,1721897315,199,17792151,30000000,87467
20382472,1721897327,109,8173703,30000000,38784
20382473,1721897339,157,18730010,30000000,54750
20382474,1721897351,258,24080617,30000000,96931
20382475,1721897363,136,12551226,30000000,63975
20382476,1721897375,214,13579887,30000000,60727
20382477,1721897387,211,16181967,30000000,71622
20382478,1721897399,200,18039657,30000000,71310
20382479,1721897411,134,12713679,30000000,56102
20382480,1721897423,126,11208562,30000000,48838
20382481,1721897435,171,17935931,30000000,80383
20382482,1721897447,37,2327406,30000000,11890
20382483,1721897459,233,20110137,30000000,80933
20382484,1721897471,172,13432449,30000000,60298
20382485,1721897483,168,27217154,30000000,170863
20382486,1721897495,88,7640903,30000000,36194
20382487,1721897507,157,16565405,30000000,112637
20382488,1721897519,153,15165310,30000000,74447
20382489,1721897531,194,18344085,30000000,80390
20382490,1721897543,163,13436249,30000000,67082
20382491,1721897555,128,11150076,30000000,53738
20382492,1721897567,127,12195631,30000000,60727
20382493,1721897579,151,13636503,30000000,52874
20382494,1721897591,173,14652892,30000000,59054
20382495,1721897603,116,9299126,30000000,54306
20382496,1721897615,174,16120115,30000000,73560
20382497,1721897627,138,15044616,30000000,68744
20382498,1721897639,170,15435144,30000000,71495
20382499,1721897651,166,13029336,30000000,58699
20382500,1721897663,130,10085698,30000000,40617
20382501,1721897675,207,18544625,30000000,81600
20382502,1721897687,138,12159491,30000000,55574
20382503,1721897699,182,18307252,30000000,77107
20382504,1721897711,152,14504894,30000000,107058
20382505,1721897723,201,20258323,30000000,77123
20382506,1721897735,138,12394578,30000000,45657
20382507,1721897747,139,13279427,30000000,59277
20382508,1721897759,85,6016461,30000000,33841
20382509,1721897771,119,11833180,30000000,37695
20382510,1721897783,218,22643280,30000000,122905
20382511,1721897795,157,16175856,30000000,57942
20382512,1721897807,128,15886156,30000000,150165
20382513,1721897819,177,15231261,30000000,72861
20382514,1721897831,132,15992466,30000000,70952
20382515,1721897843,135,17795342,30000000,137776
20382516,1721897855,133,13010013,30000000,54235
20382517,1721897867,174,18724487,30000000,89928
20382518,1721897879,116,8936679,30000000,39356
20382519,1721897891,162,13039418,30000000,58926
20382520,1721897903,104,29996601,30000000,81677
20382521,1721897915,156,15025238,30000000,60822
20382522,1721897927,90,5433423,30000000,27920
20382523,1721897939,217,23766135,30000000,114781
20382524,1721897951,147,23547173,30000000,93053
20382525,1721897963,109,10628609,30000000,45240
20382526,1721897975,193,15523119,30000000,65232
20382527,1721897987,180,14363658,30000000,64210
20382528,1721897999,128,10928722,30000000,46004
20382529,1721898011,276,21129342,30000000,87291
20382530,1721898023,188,14219389,30000000,62035
20382531,1721898035,193,12809395,30000000,64847
20382532,1721898047,111,5448764,30000000,24596
20382533,1721898059,234,27023753,30000000,98360
20382534,1721898071,247,22912709,30000000,176734
20382535,1721898083,106,9349033,30000000,43641
20382536,1721898095,199,15175886,30000000,69545
20382537,1721898107,169,16675816,30000000,78707
20382538,1721898119,118,9787129,30000000,48351
20382539,1721898143,292,23838749,30000000,108649
20382540,1721898155,164,15178771,30000000,70149
20382541,1721898167,186,13462006,30000000,69336
20382542,1721898179,128,9441480,30000000,40833
20382543,1721898191,128,10543585,30000000,44267
20382544,1721898203,154,17000289,30000000,83362
20382545,1721898215,158,12639686,30000000,56872
20382546,1721898227,163,13198706,30000000,64649
20382547,1721898239,85,5746250,30000000,26217
20382548,1721898251,213,19503163,30000000,93905
20382549,1721898263,98,6634032,30000000,43816
20382550,1721898275,127,7895466,30000000,37038
20382551,1721898287,248,29985265,30000000,128409
20382552,1721898299,146,14309207,30000000,64665
20382553,1721898311,148,12907265,30000000,65431
20382554,1721898323,157,11412046,30000000,48743
20382555,1721898335,113,11556193,30000000,47451
20382556,1721898347,91,6002381,30000000,28041
20382557,1721898359,167,15683597,30029295,56868
20382558,1721898371,173,21331197,30000000,111206
20382559,1721898383,195,20762688,30000000,173565
20382560,1721898407,285,20495884,30000000,92412
20382561,1721898419,185,18216192,30000000,72614
20382562,1721898431,149,17668215,30000000,82195
20382563,1721898443,122,14175822,30000000,73003
20382564,1721898455,167,14616393,30000000,70542
20382565,1721898467,124,10979856,30000000,52824
20382566,1721898479,178,16399762,30000000,81625
20382567,1721898491,170,17727468,30000000,83779
20382568,1721898503,93,9211526,30000000,39848
20382569,1721898515,200,28415349,30000000,75374
20382570,1721898527,110,12386011,30000000,73622
20382571,1721898539,143,13038353,30000000,64014
20382572,1721898551,127,12760894,30000000,49547
20382573,1721898563,120,11812043,30000000,57560
20382574,1721898575,156,16526322,30000000,118246
20382575,1721898587,166,16118185,30000000,70670
20382576,1721898599,129,13369099,30000000,57255
20382577,1721898611,143,11449555,30000000,59195
20382578,1721898623,157,15956057,30000000,74483
20382579,1721898635,134,12307902,30000000,52125
20382580,1721898647,171,15027686,30000000,58734
20382581,1721898659,117,10913415,30000000,37747
20382582,1721898671,186,16635754,30000000,67550
20382583,1721898683,76,5580222,30000000,26344
20382584,1721898695,185,18709927,30000000,79665
20382585,1721898707,39,1885151,30000000,10202
20382586,1721898719,195,29367148,30000000,57007
20382587,1721898731,213,20663321,30000000,94528
20382588,1721898743,216,27502350,30000000,204868
20382589,1721898755,8,1121385,30000000,5362
20382590,1721898767,227,19592208,30000000,84532
20382591,1721898779,168,20038684,30000000,90131
20382592,1721898791,169,15941747,30000000,69900
20382593,1721898803,172,20281954,30000000,93096
20382594,1721898815,121,9604618,30000000,50676
20382595,1721898827,164,17688445,30000000,85648
20382596,1721898839,109,10516783,30000000,56693
20382597,1721898851,82,3724503,30000000,16591
20382598,1721898863,314,27114573,30000000,129536
20382599,1721898875,142,17777095,30000000,80776
20382600,1721898887,158,20072026,30000000,71873
20382601,1721898899,118,15375853,30000000,71731
20382602,1721898911,94,7579441,30000000,29781
20382603,1721898923,238,20574811,30000000,106762
20382604,1721898935,165,16260783,30000000,63512
20382605,1721898947,118,10244562,30000000,47001
20382606,1721898959,183,14546890,30000000,78769
20382607,1721898971,151,17381376,30000000,60034
20382608,1721898983,128,12100423,30000000,63565
20382609,1721898995,209,19258819,30000000,88249
20382610,1721899007,157,17447807,30000000,69821
20382611,1721899019,131,11761113,30000000,48854
20382612,1721899031,144,12359331,30000000,51329
20382613,1721899043,216,20842818,30000000,98826
20382614,1721899055,150,10898296,30000000,46818
20382615,1721899067,137,16069535,30000000,183720
20382616,1721899079,65,5016222,30000000,19427
20382617,1721899091,260,23215004,30000000,126594
20382618,1721899103,144,29137436,30000000,80538
20382619,1721899115,162,15720701,30000000,66742
20382620,1721899127,81,8148914,30000000,23399
20382621,1721899139,144,12458686,30000000,52886
20382622,1721899151,214,18964962,30000000,77974
20382623,1721899163,127,11651301,30000000,73837
20382624,1721899175,166,13886480,30000000,61854
20382625,1721899187,132,9704357,30000000,42878
20382626,1721899199,242,27758869,30000000,107896
20382627,1721899211,148,11427067,30000000,53075
20382628,1721899223,133,14592572,30000000,67591
20382629,1721899235,162,13853127,30000000,64110
20382630,1721899247,163,15265729,30000000,58995
20382631,1721899259,84,8455320,30000000,62189
20382632,1721899271,185,23844785,30000000,62750
20382633,1721899283,57,3676209,30000000,14256
20382634,1721899295,248,29780070,30000000,109000
20382635,1721899307,163,13027375,30000000,54512
20382636,1721899319,121,10333649,30000000,46386
20382637,1721899331,182,15694832,30000000,68288
20382638,1721899343,112,10728362,30000000,52885
20382639,1721899355,123,9845563,30000000,38313
20382640,1721899367,198,19196103,30000000,89064
20382641,1721899379,168,18740886,30000000,73764
20382642,1721899391,154,12050975,30000000,49739
20382643,1721899403,109,17955122,30000000,45838
20382644,1721899415,135,9846878,30029295,45880
20382645,1721899427,149,13957585,30000000,52625
20382646,1721899439,115,10946201,30000000,47508
20382647,1721899451,161,13069094,30000000,48343
20382648,1721899463,233,25544368,30000000,107960
20382649,1721899475,125,11852205,30000000,57406
20382650,1721899487,175,15926786,30000000,62353
20382651,1721899499,126,12714926,30000000,63795
20382652,1721899511,109,29609616,30000000,43659
20382653,1721899523,143,12723571,30000000,61638
20382654,1721899535,93,7101638,30000000,41293
20382655,1721899547,134,13603874,30000000,71734
20382656,1721899559,199,16183962,30000000,84531
20382657,1721899571,182,17990440,30000000,75645
20382658,1721899583,75,5744223,30000000,25622
20382659,1721899595,290,29971562,30000000,114349
20382660,1721899607,192,23855762,30000000,185403
20382661,1721899619,52,1772744,30000000,8810
20382662,1721899631,237,21316724,30000000,110764
20382663,1721899643,115,10020356,30000000,40153
20382664,1721899655,156,14801949,30000000,64857
20382665,1721899667,92,8511877,30000000,36496
20382666,1721899679,217,20617217,30000000,95436
20382667,1721899691,100,7876852,30000000,32325
20382668,1721899703,170,21923445,30000000,107623
20382669,1721899715,146,14151191,30000000,70950
20382670,1721899727,160,28937616,30000000,70436
20382671,1721899739,170,15029517,30000000,69012
20382672,1721899751,148,13274164,30000000,70362
20382673,1721899763,159,14396748,30000000,62807
20382674,1721899775,165,12899350,30000000,63178
20382675,1721899787,195,17033993,30000000,71314
20382676,1721899799,177,18993536,30000000,87708
20382677,1721899811,245,18424468,30000000,80339
20382678,1721899823,191,29660924,30000000,74251
20382679,1721899835,183,16283901,30000000,74047
20382680,1721899847,178,14787486,30000000,62495
20382681,1721899859,171,16699357,30000000,77832
20382682,1721899871,150,17381209,30000000,63944
20382683,1721899883,149,11372486,30000000,47317
20382684,1721899895,158,14950721,30000000,66329
20382685,1721899907,143,14558560,30000000,53964
20382686,1721899919,166,29045957,30000000,82530
20382687,1721899931,135,14932311,30000000,69129
20382688,1721899943,126,10658991,30000000,42919
20382689,1721899955,158,13625567,30000000,70375
20382690,1721899967,133,13238277,30000000,61007
20382691,1721899979,177,15533267,30000000,75616
20382692,1721899991,144,14078699,30000000,74560
20382693,1721900003,141,13289873,30000000,62114
20382694,1721900015,192,28351790,30000000,83239
20382695,1721900027,161,22302615,30000000,168364
20382696,1721900039,116,7976990,30000000,33418
20382697,1721900051,150,12201075,30000000,53152
20382698,1721900063,132,11720740,30000000,55341
20382699,1721900075,142,10265532,30000000,50286
20382700,1721900087,139,15615567,30000000,67021
20382701,1721900099,125,12519821,30000000,54390
20382702,1721900111,132,13026334,30000000,59711
20382703,1721900123,202,18734428,30000000,96548
20382704,1721900135,94,10377792,30000000,69794
20382705,1721900147,279,21667924,30000000,93144
20382706,1721900159,174,16726217,30000000,70721
20382707,1721900171,158,14602638,30000000,71257
20382708,1721900183,160,18700013,30000000,81253
20382709,1721900195,131,11571296,30000000,51160
20382710,1721900207,133,14061018,30000000,120275
20382711,1721900219,129,13154900,30000000,57623
20382712,1721900231,160,13611199,30000000,65050
20382713,1721900243,144,10876121,30000000,51889
20382714,1721900255,120,12393338,30000000,51996
20382715,1721900267,107,8952174,30000000,44666
20382716,1721900279,48,2320362,30000000,9750
20382717,1721900291,305,29739618,30000000,135519
20382718,1721900303,154,14894057,30000000,67659
20382719,1721900315,146,10622548,30000000,59263
20382720,1721900327,96,8472076,30000000,33551
20382721,1721900339,185,13577442,30000000,61215
20382722,1721900351,215,21766393,30000000,184420
20382723,1721900363,246,21354092,30000000,105047
20382724,1721900375,118,11432542,30000000,50400
20382725,1721900387,234,26351221,30000000,93888
20382726,1721900399,115,10377970,30000000,47510
20382727,1721900411,162,13668786,30000000,59570
20382728,1721900423,153,14558002,30000000,75486
20382729,1721900435,135,10661935,30000000,54107
20382730,1721900447,87,6454575,30000000,43296
20382731,1721900459,247,25015225,30000000,111004
20382732,1721900471,185,13559926,30000000,56280
20382733,1721900483,162,13432534,30000000,59672
20382734,1721900495,101,6648342,30000000,37414
20382735,1721900507,189,15665882,30000000,67133
20382736,1721900519,148,14083628,30000000,61547
20382737,1721900531,176,18489156,30000000,85718
20382738,1721900543,166,15271980,30000000,66132
20382739,1721900555,140,11807300,30000000,53575
20382740,1721900567,155,12352207,30000000,49208
20382741,1721900579,120,10890991,30000000,53430
20382742,1721900591,218,22944246,30000000,87910
20382743,1721900603,152,9531287,30000000,45992
20382744,1721900615,186,18021056,30000000,80246
20382745,1721900627,167,14220634,30000000,72689
20382746,1721900639,39,2618372,30000000,11162
20382747,1721900651,242,25523584,30000000,160570
20382748,1721900663,31,2334235,30000000,8310
20382749,1721900675,281,26831148,30000000,141338
20382750,1721900687,112,10574018,30000000,41383
20382751,1721900699,151,20115625,30000000,199662
20382752,1721900711,207,15955102,30000000,69951
20382753,1721900723,178,16783216,30000000,82037
20382754,1721900735,127,11517237,30000000,50643
20382755,1721900747,206,21146589,30000000,93711
20382756,1721900759,136,11357221,30000000,57747
20382757,1721900771,149,15047932,30000000,57895
20382758,1721900783,138,9862353,30000000,45126
20382759,1721900795,169,14968177,30000000,72776
20382760,1721900807,147,14422276,30000000,77129
20382761,1721900819,198,22999846,30000000,87794
20382762,1721900831,143,12536452,30000000,58792
20382763,1721900843,176,16845184,30000000,201745
20382764,1721900855,151,14562283,30000000,65406
20382765,1721900867,174,14718174,30000000,74117
20382766,1721900879,162,13655039,30000000,60792
20382767,1721900891,171,15915964,30000000,71294
20382768,1721900903,177,15948189,30000000,77684
20382769,1721900915,129,10074087,30000000,55850
20382770,1721900927,166,14168086,30000000,73815
20382771,1721900939,181,16510427,30000000,81958
20382772,1721900951,177,15705801,30000000,58460
20382773,1721900963,122,9501536,30000000,40531
20382774,1721900975,93,5984235,30000000,27804
20382775,1721900987,308,27510704,30000000,143016
20382776,1721900999,159,11479904,30000000,61716
20382777,1721901011,154,14659678,30000000,63797
20382778,1721901023,188,23765973,30000000,108902
20382779,1721901035,137,11683432,30000000,71141
20382780,1721901047,170,17465252,30000000,71311
20382781,1721901059,89,10702625,30000000,127153
20382782,1721901071,220,21373358,30000000,98235
20382783,1721901083,122,10696074,30000000,48832
20382784,1721901095,149,13357269,30000000,58057
20382785,1721901107,137,13392311,30000000,52386
20382786,1721901119,175,15603212,30000000,76140
20382787,1721901131,176,16274475,30000000,76375
20382788,1721901143,105,10408694,30000000,61387
20382789,1721901155,183,21946100,30000000,100336
20382790,1721901167,176,15524212,30000000,78540
20382791,1721901179,125,12403574,30000000,58399
20382792,1721901191,170,15628234,30000000,67097
20382793,1721901203,170,22702602,30000000,104196
20382794,1721901215,142,13648261,30000000,73545
20382795,1721901227,79,6038327,30000000,27714
20382796,1721901239,281,26339244,30000000,107141
20382797,1721901251,165,16941815,30000000,80592
20382798,1721901263,196,13760615,30000000,70459
20382799,1721901275,179,12893357,30000000,58705
20382800,1721901287,189,14023776,30000000,63791
20382801,1721901299,122,8732070,30000000,41005
20382802,1721901311,217,17747314,30000000,77333
20382803,1721901323,45,29990549,30000000,44690
20382804,1721901335,220,15411663,30000000,74497
20382805,1721901347,132,12565054,30000000,71049
20382806,1721901359,185,16182528,30000000,68821
20382807,1721901371,119,10738327,30000000,50799
20382808,1721901383,154,15955484,30000000,71319
20382809,1721901395,166,13064280,30000000,63086
20382810,1721901407,153,13248724,30000000,65846
20382811,1721901419,218,17308510,30000000,85003
20382812,1721901431,148,12113865,30000000,53781
20382813,1721901443,180,19564815,30000000,171275
20382814,1721901455,159,26240819,30000000,64321
20382815,1721901467,48,2820024,30000000,11592
20382816,1721901479,189,16318281,30000000,116369
20382817,1721901491,209,19105046,30000000,88141
20382818,1721901503,99,8623249,30000000,34010
20382819,1721901515,117,11731234,30000000,42935
20382820,1721901527,211,27873114,30000000,90979
20382821,1721901539,127,10743932,30000000,45911
20382822,1721901551,184,18742276,30000000,100592
20382823,1721901563,127,14094585,30000000,60897
20382824,1721901575,154,19900615,30000000,73305
20382825,1721901587,101,6574536,30000000,36616
20382826,1721901599,207,25066769,30000000,110156
20382827,1721901611,133,10894229,30000000,47988
20382828,1721901623,321,26016685,30000000,89212
20382829,1721901635,141,10879025,30000000,49473
20382830,1721901647,284,22283739,30000000,113780
20382831,1721901659,110,6514224,30000000,34968
20382832,1721901671,265,22834853,30000000,130158
20382833,1721901683,174,15191303,30000000,74084
20382834,1721901695,176,20464042,30000000,58224
20382835,1721901707,74,5544964,30000000,25305
20382836,1721901719,244,26781256,30000000,108524
20382837,1721901731,66,3873956,30000000,16096
20382838,1721901743,118,8564011,30000000,32900
20382839,1721901755,213,19736624,30000000,87583
20382840,1721901767,132,12964650,30000000,57122
20382841,1721901779,179,27819026,30000000,97171
20382842,1721901791,133,22638750,30000000,154502
20382843,1721901803,141,12627051,30000000,57595
20382844,1721901815,132,9521885,30000000,42892
20382845,1721901827,172,14125937,30000000,62935
20382846,1721901839,137,10923324,30000000,52713
20382847,1721901851,166,22654752,30000000,60154
20382848,1721901863,80,5244532,30000000,22011
20382849,1721901875,216,22749069,30000000,132153
20382850,1721901887,70,5075448,30000000,30514
20382851,1721901899,181,23066876,30000000,95917
20382852,1721901911,52,2984725,30000000,17584
20382853,1721901923,370,23833536,30000000,107899
20382854,1721901935,156,22199917,30000000,70519
20382855,1721901947,135,16784670,30000000,55377
20382856,1721901959,110,10329163,30000000,36522
20382857,1721901971,206,14668180,30000000,69812
20382858,1721901983,150,13507862,30000000,64279
20382859,1721901995,120,14656014,30000000,36846
20382860,1721902007,341,17934258,30000000,85985
20382861,1721902019,152,18399354,30000000,59398
20382862,1721902031,105,6108433,30000000,28263
20382863,1721902043,158,22241940,30000000,80114
20382864,1721902055,195,15810346,30000000,74044
20382865,1721902067,169,14372231,30000000,83771
20382866,1721902079,136,15845580,30000000,157933
20382867,1721902091,170,20013363,30000000,56670
20382868,1721902103,121,10376971,30000000,43047
20382869,1721902115,43,5128890,30000000,29241
20382870,1721902127,223,26187524,30000000,128541
20382871,1721902139,126,15644667,30000000,43183
20382872,1721902151,163,14325336,30000000,71708
20382873,1721902163,153,10750229,30000000,48594
20382874,1721902175,190,18212678,30000000,84053
20382875,1721902187,184,14153159,30000000,70549
20382876,1721902199,170,16695304,30000000,77250
20382877,1721902211,125,6876376,30000000,30175
20382878,1721902223,179,14545267,30000000,60029
20382879,1721902235,202,15224737,30029295,73658
20382880,1721902247,137,14783115,30000000,57924
20382881,1721902259,148,13800824,30000000,54462
20382882,1721902271,195,22581472,30000000,63393
20382883,1721902283,132,8254454,30000000,36708
20382884,1721902295,217,24509957,30000000,187120
20382885,1721902307,129,9546139,30000000,48637
20382886,1721902319,189,15125361,30000000,75326
20382887,1721902331,142,15278704,30000000,62636
20382888,1721902343,132,9966625,30000000,48700
20382889,1721902355,182,15590673,30000000,71170
20382890,1721902367,186,22886778,30000000,79842
20382891,1721902379,125,10405076,30000000,53530
20382892,1721902391,148,19112641,30000000,105664
20382893,1721902403,151,16697148,30000000,91770
20382894,1721902415,181,16055193,30000000,88733
20382895,1721902427,118,12109244,30000000,56815
20382896,1721902439,210,18560659,30000000,85579
20382897,1721902451,185,15172564,30000000,70585
20382898,1721902463,155,13344415,30000000,59888
20382899,1721902475,147,14267019,30000000,77358
20382900,1721902487,183,17591891,30000000,94848
20382901,1721902499,149,13045383,30000000,55814
20382902,1721902511,179,15777537,30000000,83213
20382903,1721902523,106,7926438,30000000,46858
20382904,1721902535,224,19122497,30000000,101130
20382905,1721902547,189,16517418,30000000,82864
20382906,1721902559,195,15882580,30000000,63227
20382907,1721902571,178,21108701,30000000,101043
20382908,1721902583,157,13087311,30000000,67032
20382909,1721902595,193,15508441,30000000,69353
20382910,1721902607,137,14834893,30000000,149039
20382911,1721902619,81,11603498,30000000,26867
20382912,1721902631,186,16720947,30000000,90368
20382913,1721902643,37,3191821,30000000,17084
20382914,1721902655,287,29987232,30000000,272998
20382915,1721902667,206,17732912,30000000,92826
20382916,1721902679,157,19627891,30000000,67322
20382917,1721902703,183,12846593,30000000,55411
20382918,1721902715,240,22533790,30000000,105039
20382919,1721902727,197,17898782,30000000,80264
20382920,1721902739,109,7553688,30000000,34510
20382921,1721902751,73,3927776,30000000,17392
20382922,1721902763,296,29991281,30000000,101553
20382923,1721902775,186,25008230,30000000,91891
20382924,1721902787,203,13097712,30000000,68070
20382925,1721902799,150,14016101,30000000,77259
20382926,1721902811,185,16130233,30000000,65446
20382927,1721902823,111,15285887,30000000,52036
20382928,1721902835,218,15556735,30000000,63805
20382929,1721902847,104,11514505,30000000,134984
20382930,1721902859,214,18842397,30000000,96188
20382931,1721902871,184,23292011,30000000,98292
20382932,1721902883,120,10807872,30000000,61707
20382933,1721902895,107,10679630,30000000,49592
20382934,1721902907,216,20665995,30000000,93900
20382935,1721902919,49,4062151,30000000,18666
20382936,1721902931,217,21986834,30000000,109188
20382937,1721902943,154,22133467,30000000,89423
20382938,1721902955,117,10664236,30000000,47297
20382939,1721902967,159,12693447,30000000,56847
20382940,1721902979,136,14993026,30000000,62686
20382941,1721902991,155,12413330,30000000,61359
20382942,1721903003,191,22096665,30029295,77986
20382943,1721903015,83,7653122,30000000,34019
20382944,1721903027,260,23610809,30000000,110365
20382945,1721903039,147,10887068,30000000,55443
20382946,1721903051,104,6452052,30000000,28140
20382947,1721903063,86,14357480,30000000,37107
20382948,1721903075,176,15826578,30000000,77510
20382949,1721903087,166,16980338,30000000,82926
20382950,1721903099,134,13959723,30000000,85795
20382951,1721903111,157,13410940,30000000,54159
20382952,1721903123,133,11588348,30000000,78260
20382953,1721903135,169,11806998,30000000,61595
20382954,1721903147,75,4333349,30000000,22929
20382955,1721903159,264,17232626,30000000,78881
20382956,1721903171,215,17049819,30000000,81909
20382957,1721903183,153,16359455,30000000,155768
20382958,1721903195,177,14793377,30000000,71886
20382959,1721903207,222,17198806,30000000,79223
20382960,1721903219,152,11263607,30000000,58238
20382961,1721903231,130,7417050,30000000,37457
20382962,1721903243,243,18911857,30000000,87497
20382963,1721903255,190,15575215,30000000,68547
20382964,1721903267,164,12470809,30000000,67719
20382965,1721903279,163,14087803,30000000,71392
20382966,1721903291,165,13563606,30000000,61653
20382967,1721903303,171,14750965,30000000,65096
20382968,1721903315,144,17785898,30000000,63401
20382969,1721903327,114,8312016,30000000,35513
20382970,1721903339,258,21471165,30000000,95782
20382971,1721903351,182,15056131,30000000,62018
20382972,1721903363,156,17195297,30000000,89687
20382973,1721903375,151,14171102,30000000,69633
20382974,1721903387,218,16630646,30000000,74866
20382975,1721903399,129,11880938,30000000,52101
20382976,1721903411,332,22203953,30000000,101571
20382977,1721903423,206,13453017,30000000,66333
20382978,1721903435,180,13494370,30000000,58520
20382979,1721903447,235,16959140,30000000,74595
20382980,1721903459,154,12312035,30000000,53086
20382981,1721903471,213,19310977,30000000,207785
20382982,1721903483,157,16815905,30000000,74846
20382983,1721903495,169,14375718,30000000,61502
20382984,1721903507,198,19501463,30000000,77240
20382985,1721903519,130,14240416,30000000,69924
20382986,1721903531,197,19914780,30000000,85224
20382987,1721903543,113,11464819,30000000,58189
20382988,1721903555,160,15147233,30000000,77918
20382989,1721903567,167,12604619,30000000,54126
20382990,1721903579,134,11762925,30000000,138350
20382991,1721903591,186,15159746,30000000,61326
20382992,1721903603,201,20018677,30000000,69520
20382993,1721903615,185,22736254,30000000,94655
20382994,1721903627,128,13066353,30000000,63140
20382995,1721903639,186,17129285,30000000,82297
20382996,1721903651,128,10914858,30000000,53330
20382997,1721903663,219,17535059,30000000,71202
20382998,1721903675,160,12033915,30000000,56989
20382999,1721903687,137,13126917,30000000,61707
20383000,1721903699,39,2607508,30000000,12498
20383001,1721903711,338,25694802,30000000,104764
20383002,1721903723,86,5216999,30000000,21396
20383003,1721903735,220,19185383,30000000,98374
20383004,1721903747,80,4357942,30000000,17343
20383005,1721903759,270,23806255,30000000,114536
20383006,1721903771,181,17908526,30000000,80189
20383007,1721903783,182,25866626,30000000,81448
20383008,1721903795,153,16938811,30000000,171253
20383009,1721903807,118,10252523,30000000,51578
20383010,1721903819,164,14173240,30000000,64074
20383011,1721903831,142,12538989,30000000,60480
20383012,1721903843,159,12200907,30000000,57313
20383013,1721903855,85,7336522,30000000,30848
20383014,1721903867,107,6827175,30000000,33018
20383015,1721903879,206,29981006,30000000,182053
20383016,1721903891,184,17945991,30000000,89735
20383017,1721903903,140,13268146,30000000,65826
20383018,1721903915,170,16285506,30000000,72663
20383019,1721903927,147,12233127,30000000,63261
20383020,1721903939,130,13384943,30000000,58224
20383021,1721903951,180,14082215,30000000,72007
20383022,1721903963,193,13858109,30000000,66487
20383023,1721903975,117,7674532,30000000,33163
20383024,1721903987,207,22154330,30000000,85222
20383025,1721903999,120,10646787,30000000,48235
20383026,1721904011,144,9769622,30000000,68024
20383027,1721904023,193,19043195,30000000,95900
20383028,1721904035,161,26537476,30000000,173451
