block_number,from,to,value,gas,gas_price,hash
23033307,0x9e65DD108846E7fbBc7E8313dD8A094586E3c22b,0x3328F7f4A1D1C57c35df56bBf0c9dCAFCA309C49,0,481617,102.579285013,0xd05b2e897040898712b656538be94622c21dda21707e8db93a9c548033529e33
23033307,0xa8DFB8Cc7f9843c3E7BeC636BD08c3487b72dC40,0x5DDf30555EE9545c8982626B7E3B6F70e5c2635f,0.041,337508,32.579285013,0xa19585d1d90bc1a7d95310a6a628c084e293a7db8c3517acb379c0a3afa2292d
23033307,0x7830c87C02e56AFf27FA8Ab1241711331FA86F43,0xA9D1e08C7793af67e9d92fe308d5697FB81d3E43,0,2000000,3.579285013,0x2fbd62db1234df7ef3b891109d0e7ebe2a05844e8f7175ae5070c7aee5cd1bbe
23033307,0x7830c87C02e56AFf27FA8Ab1241711331FA86F43,0xA9D1e08C7793af67e9d92fe308d5697FB81d3E43,0,2000000,3.579285013,0x1e0dfc93c1a127885412c8f2773bff33efc831f6c8b83c22aca2b40227f476e0
23033307,0x1740000006ab849AdF993a812290606dF21C6b59,0x6a0D036796Cf16a84c92a2a205D45104494DDc80,3.33E-16,2100000,2.609285013,0x68c322fdba4f59b709a9e8a846835c41d4d5e9e358c404e9451eb8d8e43abfd1
23033307,0xc58c6efC92785602f53169C4Af59e03d7bc8DDd4,0x72Fe31AAe72fea4e1f9048A8A3CA580EEBa3cd58,0,518421,3.483,0xac6f7a8de1fbb53121955452798e31683e1cb58a017626486e73bad5b7861d25
23033307,0x1016674F13A8019717BbA76295Cdc02F34fC6b15,0x1016674F13A8019717BbA76295Cdc02F34fC6b15,0,352038,3.975816868,0x091c358dc3a39891c4e0a3121704cc9760d2db1f374a6e4a3da02ed4e64a65c5
23033307,0x217aE9a19A7476EceCBe0B6f6Ba39cb284215011,0x6131B5fae19EA4f9D964eAc0408E4408b66337b5,0,572495,3.182285013,0xd00e072dfa21f28d2428bed93fe87a9dc3bee4a02d65f66e285a9891c90b8869
23033307,0x7215Df00856027c2F8874f07A679a363cFF1f0c7,0x4E502545DEBffbb0f20b9793d7C7D38b3f0f877D,0,66645,7.579285013,0xeb8cfca1d6144b8397aefba2c5f2b3aae55c31d0cccb06cbd08fe4ac419a4f80
23033307,0xb98C6340A49cC87256435D7Fbd795d95C8f25D11,0x89A99a0A17D37419F99cF8dC5fFa578F3cdB58b5,0.00020941625482492,200000,2.579285013,0xb5a65e180b0df17bf3145e6e81d0aeaf23a2d136258711639b5d6ff238ec8a65
23033307,0xDD0Df70f0cFa8822bfc781FA703CEDcf8201E5C3,0xA600EC7Db69DFCD21f19face5B209a55EAb7a7C0,0,100136,4.579285013,0xc6f94a4a4a242c31eb37184f034cb7b6c6bf575e0db1c6e29bcc4ba9073a14fe
23033307,0x315D2Ee4fcCdA0def532Ef4108FF57204F8D9EbA,0xC46fcd651Bd6AC11255886FEAbDceBd58b870C86,0,300446,4.179624821,0x32ff0b1fa813d5a97035e1155e37f4baf0edee45ce0018b6d3b9a147d7b6a87d
23033307,0xf70da97812CB96acDF810712Aa562db8dfA3dbEF,0x2Ba7a0B89F37B1A8E4b8d17a850A896615203Edd,0.006805173864891728,25200,4.286309372,0xaeae1c57acf51e6d280841390d5a6ff997c4a771e300c21f145bdf9a32af9ca6
23033307,0x95480d3f27658E73b2785D30beb0c847D78294c7,0x9008D19f58AAbD9eD0D60971565AA8510560ab41,0,819304,2.706803185,0x326605a9309fa838375a69f3755b1a64f8f2cf900aef9f3837d312c87613a51c
23033307,0xB3F402027b1749Ee191023EC63F89841E46Fc515,0x26D85A13212433Fe6A8381969c2B0dB390a0B0ae,0,157656,3.034508768,0x5ed4b6ff6ee1e726ae5f78f9d868f473beb50a882726b66ee03f2a34b2c2a520
23033307,0xE013Caa2A99dCF3A3f24E71b8EdB9b6B01314855,0x9b9C3Ec4fee4a731A791019f864A839f82BB56DD,0,550000,3.179285013,0x2b8cfb84d4020fcff974ba78d4392bba2ce50a3c298eeff85a337741493dc719
23033307,0xae2Fc483527B8EF99EB5D9B44875F005ba1FaE13,0x1f2F10D1C40777AE1Da742455c65828FF36Df387,7.9E-17,256635,3.320375779,0x7b19cda4fb402395490024032e0d4f602028cac247ac38c231d88ad7a57e6613
23033307,0x559432E18b281731c054cD703D4B49872BE4ed53,0xdAC17F958D2ee523a2206206994597C13D831ec7,0,210000,4.579285013,0x39b0c24db3a2dac7b2b475671f270499350b8c019dd24e5f922ce66b0205bdfe
23033307,0x260B364fe0d3d37E6Fd3cda0FA50926A06C54cEa,0xA0b86991c6218b36c1d19D4a2e9Eb0cE3606eB48,0,90000,4.579285013,0xf156420cf6773571594b30371112a9cc2b31159e36e39a3d151dccc0430a7276
23033307,0x6Ba335E5bb34BfcaC7aEF40628Eff847b7aF0851,0xA69babEF1cA67A37Ffaf7a485DfFF3382056e78C,7.976728E-12,229182,3.579285014,0x7d8e8db31887d629621b7c4cdfbbdbbd05e5c1225da6ec6a9fa18ab158e10ac2
23033307,0xE2d95776D5183E26C367f09727a95dF03C086430,0xA56195fE69994c083b9a86CCF63AE16402aebb7c,0,3000000,3.338249263,0x5cb707826f528081b099623215cc00de3b9535563d8dfd42049614608b855c60
23033307,0x3812213a7d64fC95FcDA67e98C9bf763D2552397,0x3812213a7d64fC95FcDA67e98C9bf763D2552397,0.02,93943,3.975816868,0x979db426349fe3f3ea476867528c7258b8ee697b4dc277653bc794598fdb03f3
23033307,0x91D40E4818F4D4C57b4578d9ECa6AFc92aC8DEbE,0x95aD61b0a150d79219dCF64E1E6Cc01f0B64C4cE,0,210000,4.579285013,0x0dc4007a8802971c6cfc4f95c005f86af525d7e147d670ea3c21c53633881a53
23033307,0xE68a1a5530A654EEE22c5e4CA8809c2CA65CCA1b,0xA35923162C49cF95e6BF26623385eb431ad920D3,0,71410,4.579285013,0xacbc59fc0cdac0212a207ac2b4bb9d4531a9ba22fc8d8d9c23078f21c3d8a74f
23033307,0x18E296053CbDF986196903e889b7DcA7A73882F6,0xdAC17F958D2ee523a2206206994597C13D831ec7,0,90000,4.579285013,0xa6e6fc2ed8c6d5de8345a68528ba351b354d8cf77418b2cf8cc5308457d8a2ba
23033307,0x18E296053CbDF986196903e889b7DcA7A73882F6,0xdAC17F958D2ee523a2206206994597C13D831ec7,0,90000,4.579285013,0x450f64c730cac4d8c725fd3f5ed5525ae82fd24a5ad9a0af0d652dc19d40b600
23033307,0x96D0471a061593e20f0ebc8c5b8b2d056862aeFF,0xdAC17F958D2ee523a2206206994597C13D831ec7,0,80000,4.579285013,0xca76d92cd08f4d855081fb7b4b9373c238e952c9fc00273bcdad7f624d9247aa
23033307,0x74F106856eb8Cfb1A384feB3A2d93b4a2fEc982c,0xA0b86991c6218b36c1d19D4a2e9Eb0cE3606eB48,0,80000,4.579285013,0x631510075fe5da496cee7ae4c2f53234a72dae176139e60670215cc0cfa92759
23033307,0x6522B7F9d481eCEB96557F44753a4b893F837E90,0x5283D291DBCF85356A21bA090E6db59121208b44,0,90000,4.579285013,0xa83e205c9a1948c69ceedf0499a4b160f6c01314fa25f4affefb025a4bd7138f
23033307,0x0F0eAE91990140C560D4156DB4f00c854Dc8F09E,0x0000000000A39bb272e79075ade125fd351887Ac,0,52061,4.579285013,0xc93b332b2831c0aa544c3888a05d797bcc3c4465317173c1e6403194287ce5f1
23033307,0x3788aEb49692aC53b55a25C40B40f1d3735132f9,0xa5F565650890fBA1824Ee0F21EbBbF660a179934,0.00424193606286842,50535,4.579285013,0x4075f7888dddd05b91b5d13508e7f3af8d438ccd4a3fad16223bf826c17a8600
23033307,0xe8fe97321701291a2Aa83DaB68B430fe877CD971,0x0bc37BEA9068a86C221B8bd71eA6228260DAD5A2,0,54450,3.975816868,0xf3f4999008557455503f13e3567a4299c0b81969e0c14385437512d077712b62
23033307,0x9642b23Ed1E01Df1092B92641051881a322F5D4E,0xdCE51D117887AA80bABf3aEc72c7c362C74B7B54,0.00278317,50000,5.612798999,0xbd52b03bdb4db2e34ba6ff7dbc3b527cdd2106995ef355adcf7f4865bf5e4b15
23033307,0x9642b23Ed1E01Df1092B92641051881a322F5D4E,0xCaB84bc21F9092167fCFe0ea60f5CE053ab39a1E,0,77863,5.612798999,0xe7eccbc933b99ac35eb7733678a82c0ffa6c23e4df10373b843eddc3efa680a7
23033307,0x9642b23Ed1E01Df1092B92641051881a322F5D4E,0x002029d02Eb11AA1e9B9940F418CAe94D42D37F3,0.07823,50000,5.612798999,0xdcb83d1feb19920633e9f74d1cce289160b297034447babc36acc7576fbc961e
23033307,0x9642b23Ed1E01Df1092B92641051881a322F5D4E,0xfaf17849fb05a11a4E233f221bAc99CA43Fc83f8,0,2000000,5.612798999,0xa20bf2d791b0684d5f3313c7e6a7b79132170b3ab628e0f19ca9355c932b6aa6
23033307,0x9642b23Ed1E01Df1092B92641051881a322F5D4E,0x1ccAc06620EBD8ea248A44c8BFC5765C9444F4B8,0.00383,50000,5.612798999,0x4371a62ce0170bbfa856c699210d84797d90ac80aa794e3f5cc7ff64514e6e1a
23033307,0xd65D30Cc2FF22BD20ff3446cd0A86e2832556D49,0x0aBbc482FBD91DBF413E3D6Cc5622e03552AC13a,0.215716697709761735,21000,5.579285013,0x0b89aac0d1ebb4bb48c541e146bd802aa61cfaba8b001d02e1fa5df60e6bd5e7
23033307,0x7895525f3cE34a5762156668356357339747FbD7,0x3C48AD01Fe3e0F7CE70C500e132493401E8A52E5,0.013869949947287,21000,5.579285013,0xa6223391db0dfc643e3e222840b8588ba9b9e22732adb70bb2bd2dbf3bd3ada8
23033307,0x76550Fa860c638f49B371F75F86d8847BF5b357c,0xfB183eb452CEe258c7e429610cb7d9e2a5fA68Ff,0.004650869947287,21000,5.579285013,0x8c838cb93c56a5c166abdd6df103e90c95137482412599bc7e6ae8e544a26f72
23033307,0x8b26a7DdcbEA7aD414Bd4cF40A69B1010D690651,0x7F8e921676885213411aAbF6667133245CEe60Be,0.00030964298265,21000,5.579285013,0x9b7bb62781cbaf03cfa548d30ff8bd4e38f749c1f98bffb2d1b4085caa8bc904
23033307,0xc00bca46F956Fb0cc0A4EC666FDB6F89a4b92109,0x0000000000000068F116a894984e2DB1123eB395,0.0011,143612,3.101585013,0x4754ac6f9d65530ec9de22dc67ea24bd22448121abc6dff9df23f61ae7b51984
23033307,0x5DA4C22d2249a838951c062068404BA524A8e2Fd,0x9D39A5DE30e57443BfF2A8307A4256c8797A3497,0,129509,4.579285013,0xc9d69d748b8885c78e58a69d27a79bce0666f6ade99696dd58c9dda64f29095c
23033307,0xb0B39Ca3b68e7138B3c0CfAF8E0717b3AbD8A941,0xdAC17F958D2ee523a2206206994597C13D831ec7,0,150000,3.979285013,0xa737b0b1bf3a9121a4287f9ccd1cf3b780aa188dceaac749fac36a4e52140f14
23033307,0x17AFef17B493c7376B17b78D745351a926F07bDF,0xdAC17F958D2ee523a2206206994597C13D831ec7,0,150000,3.979285013,0x1dd4911b1c2eb0cea9687c7980a763cf9c904e11c2ee73b44ea254bc9257311b
23033307,0x7EC05bFb6b6822d1f5BB59871c6cFE55AF9695e9,0x0000000000000068F116a894984e2DB1123eB395,0.00139,135035,3.101585013,0x9c66f64f28caf030fb9da54456532e845edd5c2075c21fb6a392691973c8093e
23033307,0x2671d75340c9E306eB9389d3616E1beEB8071709,0x26D85A13212433Fe6A8381969c2B0dB390a0B0ae,0,157656,3.101585013,0xa3e05e686fbe18562e3e4e7c8237a72298002ee734b1e7407697a3e8007dd23f
23033307,0xFae1e720ad267B7d29C7c64d84417dDb03874F38,0x26D85A13212433Fe6A8381969c2B0dB390a0B0ae,0,157656,3.101585013,0x908dc1e6c0a104ba6f84c8e7df9b208330f0718888d0fc3bf20d4004a7ad7c9f
23033307,0x1FEeD341f68AE6812B30e139Ab074182eA4e3830,0x9E9110cFd24cd851ea5bc73a27975B33E308f9e1,0,970137,3.315472492,0x07f2aadf510306d929db69fc502b61ae74accdc9da2289b66bf7ef49a2a8b724
23033307,0x64006F3bE7318c579362AE068cAD2d3357888888,0x26D85A13212433Fe6A8381969c2B0dB390a0B0ae,0,157656,3.052083828,0x1505d8d9ebe53e4c98eadd782cacaebd17f7785791aba8c57cf0be776e259421
23033307,0xACc2e7F05B83c84531D92883Ae9F11900Ca78085,0x9A10Da8Ce77F26231860764a2CaaB36E70584c4b,0.511525835014727,21000,4.579285013,0x1a07a5cb37c27853cf9383d1faa9bd143e60d9d548025229a0ad9ac90c74bbe1
23033307,0x07b56636c728b46B786b75217DE727A4B2D8C1C2,0xd6aa7a987673c0868D923Ba71bb24856C6071607,0.0037,31500,4.579285013,0x324fdf27d34e93bd2d8e2551871c8c000d37f459a78d7b89ec3e30a50e570831
23033307,0x6E1cA1e6279Ec6806c098069f30cCE893917C246,0x7C84246E6998F0e456B26B1eb5e055B96D5EB843,0.3,31500,4.579285013,0x68a3e156caf76390dc4bb774aab42c7156e0f0a2ab35977fb8dbe5e2d2412ee9
23033307,0x686ffEC2BE8589AAf2159a9A59dBdE8307ff29DC,0x85468Ef153F7aF90dc6F57AbEAaDd6bc329a4666,0.3255,21000,4.579285013,0x8a4cc8735378d184705223e34766d40d06f386b7b8460540aba2e061093b4d5d
23033307,0x80224EEb145c4BdDC657f146Cbe912eAE83189F5,0x5E40d6811CAbB5fe87fd939F69B8156EddF0c60F,0.009464268545063632,21000,4.579285013,0xc6a8f905d77ed690df37f54256f9dfaef17923d0862d5ea4ad72cf227586e6ad
23033307,0x267be1C1D684F78cb4F6a176C4911b741E4Ffdc0,0x166C242AFfabDf8b00088e6091B5D8bd2BD9A608,4.10009,21000,4.579285013,0xfcd5e1f4eabb28676e868b9ca063ab1af166f3ad8b2b19a9fe536f63220726f0
23033307,0x267be1C1D684F78cb4F6a176C4911b741E4Ffdc0,0x09be49C529358B649D1B5feC357D8B086dcc3dE1,0.0031118,21000,4.579285013,0x45e858dc583ee2800624f13596faac309e9413dc775fa4302fe7c50e6ef84af5
23033307,0x6792a7DC88A631f2e338302DAC040BAD58CDa3Ca,0x903d08d2ac4555dFfaF1FaA5f581EA499E3775dF,0.00422,31500,4.579285013,0xceba85017698d88e5ad2e1b00ff975fe538bd43fd72260835ce20e248e398990
23033307,0x759e3780c9c41124762B0ca2A81695e46b8F10f1,0x56d96149bcE1070c23198f0EC1288E0207b37468,0.790085,21000,4.579285013,0x11ad9b67b8682c12a5f667e62b3e2161313882b3466599a3c2b950186edf5fb6
23033307,0x0a261C1bbaB5f8213573B6Fe73e9621D89150bf4,0xfa4076c0A70807A81201DC4E4E4A5D0e4d433068,0.0015,21000,4.579285013,0x96956a7dfb5c973b66377bfc4e0ce9bd11307ec6bcac53bfebc3baee4577df8d
23033307,0x138ea1f550cb6e13776958B8ef5CFFE0dE446C1c,0x0Fe88d07cab6d2d0A64E0b9D0D4b761797676a1F,0.0065,31500,4.579285013,0xa96b12a6d7eda2dff4ae77f9e494eb19e46253d549c7e45c844f9e12f6dd832a
23033307,0x2C379839685C7068926742499A17c560b229cBdd,0x846260C2cE40B1d956feB97C5316199d964C92b1,0.0014,21000,4.579285013,0x2cb7da87b9357d8ee7ba97e59a8c113052efbcc210c805fd7d53c0659ba92a66
23033307,0x4432D836eCaE65C82EaaDa3BbB564B02aD754523,0x9A10Da8Ce77F26231860764a2CaaB36E70584c4b,0.1501252510735226,21000,4.579285013,0x3f86116adcfb3dcca56184bcbe361bde8c01e4405ac6bdb6ae8a7309a7df8df7
23033307,0xe59526a89123023de5748c34160ccb542Ec95a71,0x9A10Da8Ce77F26231860764a2CaaB36E70584c4b,0.0056172636345031,21000,4.579285013,0x7c9738bc846b30729e37bf4b2d59f0ae6b3add6675d7278f9ee41bbd1adf1e1b
23033307,0x53F4492515C097500B7D17b23E5A3bd727617a34,0x9A10Da8Ce77F26231860764a2CaaB36E70584c4b,0.032368385068399,21000,4.579285013,0xb439a994fde5152a2f0073d0e3957126db8202fb0a84b530a46a6f7cc42e4e57
23033307,0xa6Dc83C78e437E3A6F355169bf1Ccca3C1BCE22B,0xB5339157be76de7c5a796Eb7eae58239bf7501b5,0.000331054411212,21000,4.579285013,0x9b3641ea7793ff990f7848ecc99a986daa86c2818168300b92ee3db11657c901
23033307,0x264d32114328848a94e59f79156426f3112A3c43,0x8942F09e2484Acb9C989b1e82f687Ccca11Bdb4c,0.007,31500,4.579285013,0x8986ad66d6fcc9dfa95858569e98536da75f36fef2ad8607c686ca2fb79704b2
23033307,0xc3fF396B511b9dE826C70a45fF21E518C40d7988,0x3355aF33a28d8a554039d18EF7f5A20BB6dC04f7,0.0008,21000,4.579285013,0x5161ee5ed6c61d8c3c222f62a33047c1c2f5fd15e1ce76e3f62a656ebdf92d00
23033307,0x074EE8D528fc9f1517018ea39e3478EE0aaF6D5B,0x7BDb61d76aB2237102a7203dA24816eF0A6408F6,0.011335335014727,21000,4.579285013,0x8093bab8aa449a038bef9e842da996fdfca5a6f34557736d1fb96dc3da4daebf
23033307,0x0ADA3111B866fF1aD0477F0C5D2e8eD35A36Eb5b,0xF5bE767a18C71F8A848a2AEBf18bC9C5Ef5efB90,0.018329651319883147,21000,4.579285013,0x707db7c7ffc8de9d31c482a79d987063fa917fb20f4c31fa1fdb3e891a1c73da
23033307,0xACf40EE3583751EE3242A984AdD8c1214806AD85,0xB755a89984664e82940EAd4d65d598A51120A3ed,0.05734117,31500,4.579285013,0x98418f239c5737126461777fdbce739649fe60f6048deef6c8f1189f903dc808
23033307,0x56805e4b26b1b867b5e1a0E274f7be9a5515eDF6,0xdAC17F958D2ee523a2206206994597C13D831ec7,0,46237,3.579285013,0xf03875d90f763bc45becabfdacc8ee699cbb2133cb85ef1d9073a6d166f2e755
23033307,0x3358352b8489893939D72696b3265CD6C7C01938,0xdAC17F958D2ee523a2206206994597C13D831ec7,0,46237,3.579285013,0x81afbcdd92700ecc7bdc869ecc210ad376a19992027ab9931f23f29e6e36536e
23033307,0x0aC481B52dD5B44b878ED8e3C51ebc18B1B7Db86,0xdAC17F958D2ee523a2206206994597C13D831ec7,0,46225,3.579285013,0x8ee4ae6e535747916b8def5bb21d9308848a83809789888deed16567609cdb64
23033307,0x25222D240d5a80267726e48C664237a8569aE736,0x6088d94C5a40CEcd3ae2D4e0710cA687b91c61d0,0.008,238857,3.101585013,0x30e7a9000122f5f7eea80c99a75be90248e67720410a7382e0bf2c0fbb18e71e
23033307,0x4eb8B12cffE173c0588c1E516793ec74CAa9118D,0xeF317e433B0836F294866d43f67D6871b609B351,0.06244613277792,90000,3.979285013,0x6c8e880a98c9263c74a0a93c417cb26c7b855ec3c7b33af2f03bb62a9c65d10e
23033307,0xA26148AE51fa8E787DF319C04137602Cc018b521,0xdAC17F958D2ee523a2206206994597C13D831ec7,0,100000,3.18795432,0x074c3922b694f619cededcd4b8f879213283b7bbf54419497aeb0434e04b5a06
23033307,0xA26148AE51fa8E787DF319C04137602Cc018b521,0xdAC17F958D2ee523a2206206994597C13D831ec7,0,100000,3.18795432,0x83212ee883693bd73d917acf8670f4396dd1901e8f4123c86c25fc52c220633a
23033307,0xC066ac5D385419B1A8c43A0E146fA439837a8B8c,0x0D2DE9fE18AF3C2A2Ac8d1BAe33707AF19a85756,0.000916684605683262,25000,3.579285013,0x7ab0dc92edd0522077e6abe5232c3ac25abab65295b826a8fdd3819da2e42010
23033307,0x0D2DE9fE18AF3C2A2Ac8d1BAe33707AF19a85756,0x881D40237659C251811CEC9c364ef91dC08D300C,0,233363,3.579285014,0x0fbf1c74e917a6dbc2a5c04fa3bab26f296c28707f7b05d3432d3126ed83cdce
23033307,0x4838B106FCe9647Bdf1E7877BF73cE8B0BAD5f97,0xC6093Fd9cc143F9f058938868b2df2daF9A91d28,0.00010724571488841,21000,2.579285013,0x2ef75b933ab4a8759564e3efe5903f04a87fb67fa7aea73d82cfa2ff5423898a
23033307,0x02EfaE2d5af206EFbf7AB8DeC0a2Fb3D75D62FA2,0xdA9c657D8e3f2Cb92cE71855A328D8A7aFFb557F,0.008123,454698,4.579285013,0xfef98c9a2b8f01603b6250c787187810a46130e26e9bcc9c75faa93ad8457576
23033307,0x4838B106FCe9647Bdf1E7877BF73cE8B0BAD5f97,0xC6093Fd9cc143F9f058938868b2df2daF9A91d28,0.000503097414727,21000,2.579285013,0x0754cdc040af839eeb54af6bde0e72eaed101085f60a87535e059c6edfcf3380
23033307,0x2F769f919698Cc966eFCD08D96e1863c3c52b820,0x89c6340B1a1f4b25D36cd8B063D49045caF3f818,0,329745,3.141485013,0x00a32bce326e477ba12502194ab084b8bd23f02701e86179e7426cf4964341c2
23033307,0xA9FBbf708F16Eecc129bf827EBa0807d36554EA8,0x870F3Eb66352b89cb0Ec82B9959EC7aeb0804278,0.079062633418,21000,3.511229951,0x4cc413cbd44116c7841551e2c17436c6cd93c4758a470c658d420ddbb4665979
23033307,0xc6305a7feAa2429C6fF3e29055dEF9e08B4f65Ae,0x26D85A13212433Fe6A8381969c2B0dB390a0B0ae,0,157656,3.579285013,0x3143f9563fe72888f1c6541a3d3ef62ace5e62f0e7a24be952ed7b15a66f7c9d
23033307,0x2Bb96A5A14906334317b97647C5ab9285806d416,0x1111111254EEB25477B68fb85Ed929f73A960582,0.06,209723,3.158985013,0x4d675f4ad2b5f6385b0d6c5420c8c7ca4e267e46038e868122cef44e1c5fbfdf
23033307,0xBedb4432478B12bcd09EfFd7353271Ee11Bc95eD,0xA0b86991c6218b36c1d19D4a2e9Eb0cE3606eB48,0,58731,2.963885415,0x7b0eb273ee8dcbc46dc017ecc11535fb271410e0dadc0b14431df7ce6f7d0469
23033307,0x6D0A13aE412Fa2eE3dc72461C02959df7890Fc8d,0xF30Cf4ed712D3734161fDAab5B1DBb49Fd2D0E5c,0,211568,2.668285013,0x1d55c13570b0e5e417a07b817d57079e09a9ac06f68ce98da4bf9062f72e76a2
23033307,0x084F23A9B86694Aa743F40A9290aE21f80f2CDDF,0x7a250d5630B4cF539739dF2C5dAcb4c659F2488D,0,244452,4.579285013,0xcda836a6d9104ca062f745398f991595f64da8e281394529afa426340f3a73ff
23033307,0x4838B106FCe9647Bdf1E7877BF73cE8B0BAD5f97,0xC6093Fd9cc143F9f058938868b2df2daF9A91d28,0.000313200014727,21000,2.579285013,0x44249fa6a26c9987e11be8b864334279c3cda0fde70592bba6c7071ca82a9b0b
23033307,0x56De4BC2ec8aad953C1d2B959c18811B77E33a76,0xCFFAd3200574698b78f32232aa9D63eABD290703,0.29993135306934,21000,3.26890146,0x17013f8e040c9375eac51b5660ca8aac3bd70ca2a07da6d3b8be07a9a43ac3de
23033307,0xBB00A58e3a1ea848682353F79939056a69248fbD,0xC02aaA39b223FE8D0A0e5C4F27eAD9083C756Cc2,0,43467,3.182285013,0x550436b90e0ea7865d518bcee5513cd197131ea18a8b0c963bf3704447640d24
23033307,0x494d34Ea70fa1CE9e49424C530dfF634ff5aDc8D,0x0000000000001fF3684f28c67538d4D072C22734,0.002549416684195264,236867,2.658285013,0x1d7da051670799fc09f6222aa515e4105ed0744358f6a13c053463b4f9b318cd
23033307,0xd1F79514Bc9bA4c2f99E83523A1d42B489bc5D73,0xA26148AE51fa8E787DF319C04137602Cc018b521,0.001655180585875,21000,3.254111249,0x0833d60d1dddd8f73805b93a4d341281fe279ba2e9d56c217678a55db97b8f42
23033307,0x3CF72C6A936B33875fe92A4CD1b6cb4f88bED8Bf,0xA26148AE51fa8E787DF319C04137602Cc018b521,0.001709365976992,21000,3.254111249,0x967a9a37cedf3973b6a088779f9e5e5ee78c25f0971aa5a51d83f58d190c2cf0
23033307,0xd67fbf6Ae3ba1acA2Ef69bf5329fd915eDB0695f,0x7a250d5630B4cF539739dF2C5dAcb4c659F2488D,0,265870,2.674738942,0xde3881d0240677bd153632815c68930e92f50ee48c246c8e2e9ef4c64faf4052
23033307,0x50A0a9fDB99fa303a112c5959EC557c60a494F37,0x66a9893cC07D91D95644AEDD05D03f95e1dBA8Af,0.096562281375098823,240569,4.705706899,0xb808bc171a6d2bbb6e6bc379d5d8c1cb4dc189d4b785293704033282321992ed
23033307,0x4838B106FCe9647Bdf1E7877BF73cE8B0BAD5f97,0xC6093Fd9cc143F9f058938868b2df2daF9A91d28,0.000262764587735229,21000,2.579285013,0x424dfac2d9703bbc180912133222196d636b5857f33df06e7c4c81ce024c7359
23033307,0x124Ae9bd78d9f0e8b863DAacB7c1aA1FE5267a7c,0xA26148AE51fa8E787DF319C04137602Cc018b521,0.0011865008708765,21000,3.18795432,0xd03c85ee2489044371bb69de660dff37af351a9843b5d8e55f2b5790e066f8d2
23033307,0xf3201ae121B7054E6F8eDb6636C5BEe5b30569E6,0x66a9893cC07D91D95644AEDD05D03f95e1dBA8Af,0.517832304987380413,206918,4.579285013,0x31218a48e8a8b7957378baf962ad390290d8cc6546477b7d81381681d47ba01a
23033307,0x4838B106FCe9647Bdf1E7877BF73cE8B0BAD5f97,0xC6093Fd9cc143F9f058938868b2df2daF9A91d28,0.000256283614727,21000,2.579285013,0x6a436c40f418f02280c0461c057a6981be55d87616f5af7a8cbcd7651912c602
23033307,0x4935f6D7a6960180157681232d7A0e6afe7Ba4a0,0x26D85A13212433Fe6A8381969c2B0dB390a0B0ae,0,126124,2.7,0xc1bba8f3ef609969280506bfe349860f4f52567bbd06ad3db1ca823193526cbb
23033307,0x8d2d6cb184984CBF5DdD59786C00f546b146A812,0xdAC17F958D2ee523a2206206994597C13D831ec7,0,96082,3.579285013,0x65ab4f3cc2e43bafa865f626789d176676405cef87928da12c61087b1b149ce0
23033307,0xdEcbda72530dB038a0002E9f628E7214Da5b19bb,0xCBD6832Ebc203e49E2B771897067fce3c58575ac,0.014254900582159256,21000,3.139476421,0xc6df7cc5cf8b550f5984b73234ac815f1e62492423d2409549a2808073375e88
23033307,0x147cA138399E3f3d606c4E4E5c905964Ed04120d,0x35205c69EFD0a82c748CBC73685D087425DE0dd0,0,33606,3.101585013,0x433c981d12f1f88b588825c677105b38e56d8c35d64cf8465b669b5d5ac1de0e
23033307,0xcADd3238aDCc2189F1d284E74C46A8E32f20F0B1,0x7a250d5630B4cF539739dF2C5dAcb4c659F2488D,0.994999999999999996,294760,2.674738942,0xf9d0ced9d21949cc11d68ca13969a76fcf5aa82766c481c89c2577f202169d08
23033307,0xD970040BaB2c3d6e31e5Fd6043d684f56caF4644,0x5be67584D6b2EEf29801216766186dA96a8F5cB5,0.00907270399680983,21000,3.101585013,0xde9758ee2d2c28c59703f3d430c464372ce630e296544a8bdf9c6008edc23934
23033307,0x0b4d0EF9681207F6fdac093b7F18cdFD0C1320E6,0x99a6128A7Bda6dDD0Dd29fEe448AdA0D4A9100f1,0.000166314544,21000,3.101585013,0x6f189cca27ea31608b1754748e92cde895651ec65bac6db90f8999be5d769c91
23033307,0xAC6a273d5547AbF974160a73d5dE6c9534f3fddb,0xaFFc76aEa1262CCADf74c9b0A8ce0056Aa8A849d,0.241889049640446357,21000,3.079285013,0x7f5618135580caa8ee0d63be266e14cb5b88030f071022b456f82775e5d2cdba
23033307,0xaCC89DA517D17c9aE6a1687D804c7448D91d276c,0x712bd4Beb54C6B958267d9dB0259abdBb0BFF606,0,51858,3.579285013,0x1ee19a91bef86f538db2815010ad3c9b7ab0eb1fa04eae09d342b1b1e2b941e5
23033307,0xB122461eDDc677640bD0Ab097408deA7d9941063,0x7812c62f9dB73339215Ab4D500D130533Ef42425,0.0145,21000,3.034508768,0x4e958f9dc2e0a0fc00a4e97404bfad2f61893a000c4077c7e9b2c22c1cc71b3a
23033307,0xBB992EFDF0d405e7283A90624eaAC860A4f6c24e,0x0439e60F02a8900a951603950d8D4527f400C3f1,0.01,156298,4.579285013,0xe0e91c13b07197347d78f784e0a5d84abce447de2d7bd4c1c6635facf18dd7b9
23033307,0x4838B106FCe9647Bdf1E7877BF73cE8B0BAD5f97,0xC6093Fd9cc143F9f058938868b2df2daF9A91d28,0.000200925214727,21000,2.579285013,0xfac1c07e8d2ea7f24f026e69c38b5c347afad6ee779fe6827b06bb36134b9959
23033307,0xF0049Bd123e3FF5aEaD29001B70ab184B7D32DfB,0x90DB2B93832a07970d60a66773AeB8bc5713920c,0.001,21000,3.033408768,0xde3cff2a5b02e953443915750e964c437871a2adc16fdbc70c2a57f3638b79d5
23033307,0x2e72F6f7770Ae1397dEF9BBD67871e721CFCC16E,0x3845badAde8e6dFF049820680d1F14bD3903a5d0,0,50000,2.879285013,0xe561c6dab55b43b728600a13ff56a20405dce4a1c3d30375f30c6091b8c5f8ea
23033307,0xb1b2d032AA2F52347fbcfd08E5C3Cc55216E8404,0x6088d94C5a40CEcd3ae2D4e0710cA687b91c61d0,0,1000000,2.679285013,0x8e71b3227c546c5fa11d2419ef34f2eea3f6ab321bcaf1bef95ef48747603aa2
23033307,0x9Cee009454BddF651B538E50cEC937Aa1aC18420,0xdAC17F958D2ee523a2206206994597C13D831ec7,0,69718,3.579285013,0x10ba956cf6761a25dfd7d7f7d563cdbf3f7b2c151b1ec4dea56e83b009e913bb
23033307,0xb0e9B241bC71c56878cDFcBf2a4F836E4D7d3FE9,0xdAC17F958D2ee523a2206206994597C13D831ec7,0,69718,3.579285013,0x1b1895fdfe8c37fb66318a90730b0d78e4c8d95649b07ba771dadf6c160ec5ec
23033307,0x8041988434f5aC8881A730aEa7DaC9B5D32A53eE,0xA0b86991c6218b36c1d19D4a2e9Eb0cE3606eB48,0,62745,2.998296826,0x0200ae89a76396e23676bf12bf2602a0bf43494bb40e426b4e7596ae4c513e17
23033307,0xbB318a1ab8E46DFd93b3B0Bca3d0EBF7d00187B9,0xA0b86991c6218b36c1d19D4a2e9Eb0cE3606eB48,0,84578,3.158985013,0xca1a0ed84de94961597b8cad2b1ce47c91e3e38de9ef126043b52d95daeae004
23033307,0xa815c5Ab002d199d632b0bFe9DcF3f898b9dA939,0xA0b86991c6218b36c1d19D4a2e9Eb0cE3606eB48,0,62733,3.009925794,0x8f7e95048157b301ed6d5cbc9fc413002042152bee9155a83a51f67a3e4e4734
23033307,0x916dC3304D751597389F5f046aAA27a04657B140,0xA0b86991c6218b36c1d19D4a2e9Eb0cE3606eB48,0,62745,3.009925794,0x82ffe45c42993133fbef38dd28e5a75793608fbcdfd49047e0984729b91931b2
23033307,0x4dA8C86e09369B4369c387b15984C57eB2b31850,0xdAC17F958D2ee523a2206206994597C13D831ec7,0,80053,2.679285013,0x13cd2a8eef06666cd9d655f4928058e413b227a197dee0ca313ecde1a33e74a7
23033307,0x9696f59E4d72E237BE84fFD425DCaD154Bf96976,0xdAC17F958D2ee523a2206206994597C13D831ec7,0,220436,2.679285013,0xec205eb1120b8229d4ac91b05afcea3534669421b6b55b3f814b2d13df25936a
23033307,0xED75f2B88FAAD3F10b880365E21fb7297bcC37D4,0x28C6c06298d514Db089934071355E5743bf21d60,1.882958,50000,2.879285013,0x6699f1ac7f038073c55fc576f41514299b07cc840c3c0ad7ae01d1898db9deea
23033307,0x9430801EBAf509Ad49202aaBC5F5Bc6fd8A3dAf8,0x73c44fE17b77f79De1c63f3B60CD9dA1376216ea,0.014,50000,2.879285013,0xb6b57326c408b2b3f2c158f86bcdac43fb0137b74ab0f581d4c5b5cc22f99e3b
23033307,0x9430801EBAf509Ad49202aaBC5F5Bc6fd8A3dAf8,0x82Fa6ABC712749Bb21be00a89CAA8e9933824d46,0.014,50000,2.879285013,0x77121c351e473347233c60d4e7f4d9f672f635fb312a917cb6e710c31cb545c9
23033307,0x23541A0BF15AFD8195dCEe3975846Fd4f8435946,0xdAC17F958D2ee523a2206206994597C13D831ec7,0,64302,2.729285013,0x9cc4cef124f2059193826255e22a4d721e7f3c98118e94c1a63e7fe5789f6d15
23033307,0x34F2aC0DD90b768b382e981E50312333A7A1A69D,0x3FD3daBB9F9480621C8A111603D3Ba70F17550BC,0,423449,2.594285013,0xa0f3e6d1bb92625cb438f1f6cc1388e3b791c5c99389d9f3e1d619d56978fd4b
23033307,0xCdB17aF1B0d88d21103cb2Cdc7Ba5ddd89d64557,0x26D85A13212433Fe6A8381969c2B0dB390a0B0ae,0,157656,4.579285013,0xa4f0080ff6e41af5266d03e900c5e6867f5ef94ff19775ff73fd960a6d0c1004
23033307,0x4838B106FCe9647Bdf1E7877BF73cE8B0BAD5f97,0xC6093Fd9cc143F9f058938868b2df2daF9A91d28,0.000135890114727,21000,2.579285013,0x195102e7d286f894566434c419005c14ecfa25bb796fe298060522284e7f9c30
23033307,0x82623b8a5c638B73AD6DC2a97820C3820F85a2bc,0x26D85A13212433Fe6A8381969c2B0dB390a0B0ae,0,157656,4.579285013,0x63025ad0425d44619fa751f7ae4c01772566579106deb45476f31b53642e8227
23033307,0x4838B106FCe9647Bdf1E7877BF73cE8B0BAD5f97,0xC6093Fd9cc143F9f058938868b2df2daF9A91d28,0.000135890114727,21000,2.579285013,0x8d57f5ad5e2abedaac430a1975b5b248797e53e65ed7b4bc68eed1f4ad7949ee
23033307,0xE5FD2C1410CBED49FF222524390BD23Da2a9df17,0x26D85A13212433Fe6A8381969c2B0dB390a0B0ae,0,105104,4.579285013,0x5bf211cf6322ae002c74090fc966f3a317a2858f80c177a74a26a0bc70d98775
23033307,0x4838B106FCe9647Bdf1E7877BF73cE8B0BAD5f97,0xC6093Fd9cc143F9f058938868b2df2daF9A91d28,0.000135890114727,21000,2.579285013,0x75de03f84b646f28a83e54fc3d1052b3f27ecd0ba9e65560b9c2a763e6502109
23033307,0x14f3E063f18e186a7449C84f33866B42748DF823,0x26D85A13212433Fe6A8381969c2B0dB390a0B0ae,0,157656,4.579285013,0xf01d41b9b7cc44716cecf95c014872284b2493b962fa7319dfdcecb27a127599
23033307,0x4838B106FCe9647Bdf1E7877BF73cE8B0BAD5f97,0xC6093Fd9cc143F9f058938868b2df2daF9A91d28,0.000135890114727,21000,2.579285013,0xa21dacd6a795fcee9aace6ce20cc7c08a444c87bc18aa410df7bdb2c6216d6e5
23033307,0x692973fc8FddCC01Cd8e5FC2944411a7220923D2,0x26D85A13212433Fe6A8381969c2B0dB390a0B0ae,0,157656,4.579285013,0x6c1a6188039a221d87f2b203e384fd8aef13b70e810f0dc4e180cd941d6b9f55
23033307,0x4838B106FCe9647Bdf1E7877BF73cE8B0BAD5f97,0xC6093Fd9cc143F9f058938868b2df2daF9A91d28,0.000135890114727,21000,2.579285013,0xffe50d88b9932f8f5bf2e15c72fca070c07878314de1fb93b97f430ac0ceaf80
23033307,0x78E19c3F24856e7F100349D791EA610d14eb5982,0x238338943d76F38010F777789587bAAbe283DECe,0.034326,21000,4.579285013,0x5339fe8dcb02fd683cccb268b565b05eee25225c335ff16fa5adad75f746487e
23033307,0x000001ac4e512d670c34feDf6c71cE2F49fb160a,0xF75584eF6673aD213a685a1B58Cc0330B8eA22Cf,0,1776569,2.585460014,0x1dc7dc258ef9c2fe2e24c83d7fb325a412ad773ec7568d9110b05c3c435a696e
23033307,0x53a2c3a19FdB63E8cFbD6a303f0aa510A9d6EdC4,0xA0b86991c6218b36c1d19D4a2e9Eb0cE3606eB48,0,62757,4.579285013,0x2be8937a9ee270fb912bdb4fc329544f44bf0d12911eba65dd981226794bd6fb
23033307,0xd56faE1690a23414dC1D7f3D52A6b68A0c91Cfad,0x3073f7aAA4DB83f95e9FFf17424F71D4751a3073,0,300000,2.679285013,0xf0b12eeb2f1d1f533ae234784531b06771fa1f2259c44b883656f21f6f72bf82
23033307,0x0596E2F63faB4bB3cCeF674F2fdcA3D42ebd862b,0xdAC17F958D2ee523a2206206994597C13D831ec7,0,70447,2.668285013,0x66c2e08a92a8cc54973051fc920b9ee00297fb7fc5c028101055c5fa88c021d1
23033307,0x616401f2AeB78e3c754CAC05e9e7b02AB0953F81,0x3c11F6265Ddec22f4d049Dde480615735f451646,0.0037,181255,3.579285013,0xc97edace002565cbf66c8043e2692bcc7e75676a7e280979b304146bacbd0d92
23033307,0x38Abb0B41aE3e579Fd177d1a305e818B573035F1,0x337685fdaB40D39bd02028545a4FfA7D287cC3E2,0,224333,3.16288225,0xa8f4e5a8d19efe72e070d717ebf2ccd87fcaade8b7a92fb84763965abe8c2782
23033307,0xD9adb6BD7b16Be02eF56ba392f83798854a38684,0xdAC17F958D2ee523a2206206994597C13D831ec7,0,69844,2.668285013,0xd8eeb0f29def63d88f2541e9bf1f24d6d59c856db47f4d9a34a72229cf71238d
23033307,0x3230fb3453D1522a64603516C84d6E6C00C3838e,0x57e114B691Db790C35207b2e685D4A43181e6061,0,300000,2.679285013,0xc0172c30c0a804924344e6efb32c731ae1f2d92558d7257583ede3b2d098fdbe
23033307,0x753BB4520b66a61F5292b3a34FF8C37f5759B1b3,0x1231DEB6f5749EF6cE6943a275A1D3E7486F4EaE,0,290559,2.611857048,0xe848143e9ad1f02ee871fb8f9a64efee2263b4d6c93f5a216d9e7dc41631de90
23033307,0x0869335CCA4b613A4Bc4023bd3E080aF86c98269,0xA0b86991c6218b36c1d19D4a2e9Eb0cE3606eB48,0,73232,2.704955295,0x0835879934883e645610a6851062077006146ed0c21a9d1125fc35f1959bdaf3
23033307,0x69ef9270b1021AE89a1b0D892b1256142cd0dcF0,0x21e2C1D81d94f43eEA7e058364138256168e8b43,0.00002,21000,2.819875812,0x44ea27b57fd11f7b2f08ce3748d744542813099e85459a625cf633aff49fc297
23033307,0xa001786ea3A14d0D7fFA10575EC2e6AEDc139375,0xBF1C930244233cF133519a079c466E7E692f984A,0.061022232013202121,21000,4.123358798,0x8cd02aee6857e7fd4939add4b0f3df37c5114a21965350038b07049f7f95d9ca
23033307,0xCD62E2a42cBb57dDB9e1c01Cb140A3eAf754d69E,0x3D989bea515b389aC22A79d89f957f95Ce10e170,0.013777599727998179,21000,4.123358798,0xe63f42627269174330fbe860b91b17944b3c2cb86313f49597c961ff22338502
23033307,0x53aA2F2560Fb9651c54fA90b3De93fEEcb3a1B78,0x1177A22De18375d1878b75f65bB367bd27309BDE,0.262199655645051,21000,4.123358798,0x5378005601a874b35bb643839b6b26ce3fab71af97f56bbe0ccbc5137d851700
23033307,0x1F42622EC6151Fb9AC2394E91De7c398A740A5dd,0xfefe157c9d0aE025213092ff9a5cB56ab492BaB8,0,53296,2.679285013,0xd2d368a6cab1d9108d0324885fe6ef11ca0b38b3722a3b904fb4324952d133de
23033307,0x1F42622EC6151Fb9AC2394E91De7c398A740A5dd,0x0000000000001fF3684f28c67538d4D072C22734,0,204286,2.679285013,0xb28c26186e6bc61cde3d43913e7a7a2f03db48950044a49a40c3eec6f29f7cac
23033307,0xA8020EcBC321e0C8cEA26B3507f207482d0100c2,0x00000011F84B9aa48e5f8aA8B9897600006289Be,0.315354088345590079,500000,2.616063175,0x48fbcd2062a7531b6f7db4a4d0e08f8894f90de1189a233424c55a3b14f3c992
23033307,0x21a31Ee1afC51d94C2eFcCAa2092aD1028285549,0xA0b86991c6218b36c1d19D4a2e9Eb0cE3606eB48,0,207128,2.679285013,0xfde582a6e02a695d92fa0f01e51f03bca687b7414df3eaa33d1da504c20ec924
23033307,0x21a31Ee1afC51d94C2eFcCAa2092aD1028285549,0xDdf787A2395dA8554BFa7136eB945dA406e10dde,0.01821313,207128,2.679285013,0xaaa5a2fffa59478e89d0d593cef25bdea2ae875fa45a8f813a777bdb6e46ae05
23033307,0x28C6c06298d514Db089934071355E5743bf21d60,0xA0b86991c6218b36c1d19D4a2e9Eb0cE3606eB48,0,207128,2.679285013,0x22a71d7ba4466c082d6871a9883bc5c9fdd0c2a230df3acdd5c87c146c0fb767
23033307,0xa0f9C304298830321098Bc557793947bFE3e190d,0xdAC17F958D2ee523a2206206994597C13D831ec7,0,150000,4,0xd4e289beb964539a92b1dd3096b1a3c4b83953c59d3040b12c185d06334f9ebc
23033307,0x0920377eC424e20dc8f8823eF607EffE8D8E9107,0x0C9a3dd6b8F28529d72d7f9cE918D493519EE383,0,370666,2.6,0x3601c303af9da7b42d965987cc900a9fee7f7e928a44c7e5bece58094b8aa117
23033307,0x45C2088c43A310EFeBA10Fa96437D4669de6c314,0x000000000022D473030F116dDEE9F6B43aC78BA3,0,45408,3.141485013,0x9a78ac05907d71b003fa728125f5fd4d21923c4cbbe30a8933468df9810cc0f5
23033307,0xb2F3da73b8f1d810a73bD55A7ae0A8488cdE5D7A,0xdE266cD145E93ddD93C7984328847a9AC9e0BFF9,0.05573,21000,3.579285013,0x74a5374ab3cfc25e20dcd59bbeed99d1b76ab43c00108afdf08cbeade1926af1
23033307,0xfEd2Dec59560D88317e471C1Dcc09de7ab708b92,0x238B006aDB2BA35267F7bda457e329d9DF5fa42f,0.22,21000,3.579285013,0x618d0291fc9b5cf63786fc4903dc27d60edf31c711610b0acfbea85bef96e420
23033307,0xbEEFedf35342569C673b52eD07F86Fd4Caf33010,0xBEE3211ab312a8D065c4FeF0247448e17A8da000,0.00000374995588262,326876,2.579285013,0x0f0ac40a406e4dc44fff09a5db4378961a84e56e062b2ea9f0327acc48e65ac1
23033307,0x4eb76659665b7fc5ea8D7bAE774ca9D3Db88134d,0x77B7806d6612359655B5A531fC835da15b200414,0.130412660620376,21000,3.158985013,0x0983f8818ca6ffaa61eb7438b602b1aedbeb7bc85e3a71e5082d61c44df2ac3e
23033307,0xD862e1642aeb20f569620f64d99D59b0489CA717,0x846CD889507F93E8E077E4813B9341ABA9fBA3B2,0.00579338401080558,21000,2.868607638,0x639a8bee76f6af4e3a488dfede54287d79ba0c6c6f5137661a521c5873e59283
23033307,0x1E5fB53Bf4c854D662a51E97a733855d92761bc6,0xdAC17F958D2ee523a2206206994597C13D831ec7,0,70000,2.632329688,0x2d0b0e6c58579b43a1ffe4474c5e7beb17013f0ca7cdf0593e0d4612e78d3d04
23033307,0x963737C550E70FFe4D59464542a28604eDb2eF9a,0x300EbE638d94863Cd00236a033BEa98F90738cb7,0.02754509,21000,2.681056293,0x5afb4b09ca3c89b573a3e77bc61d5b8d8203bcb00e9718ef4915255320e48511
23033307,0xf95177eE060481Bf603d92102b5cAdAB2F7F073A,0xaA97192c0d3f1c51E258a3ce8F0f4DEb766b5998,0.07787970936394,21000,2.679285013,0x0a289f91500f0ce375dfad889e29f219059e90456ff7387e91ccf46212c4da93
23033307,0x56Eddb7aa87536c09CCc2793473599fD21A8b17F,0x513854aEc95dA127b228086A90Fe6dF91085E571,0.0025972,207128,2.679285013,0x7d7486eaef158c5044ad87a8c00c425b99e2ee42c68060f00fbaca6718d91fa3
23033307,0xEd35f258668ba8ec5B1BaCB4b5DefDFE38e05141,0x80EF44c75d993C697383cd496c7e64376b79F774,0.0194748121080839,21000,2.677881628,0xae094fd9df67333ef9aaf013914e19721b175d5394acfba95146d62dfeef1225
23033307,0xedf6E443f4b96296a090f74C3C221666Da442597,0xA0b86991c6218b36c1d19D4a2e9Eb0cE3606eB48,0,94566,4.579285013,0x9ef9b47939cebc12d5f39b80315454c79a898bde7e82be33f135370b623a226f
23033307,0x4838B106FCe9647Bdf1E7877BF73cE8B0BAD5f97,0xC6093Fd9cc143F9f058938868b2df2daF9A91d28,0.000055009014727,21000,2.579285013,0x7c1ae30f60ebae6b5a09575f9e2d3fb4f8a49878cd36468b3caf5c87d22b07f8
23033307,0x369B54D11fA595bd87ffcc831A349Ba199d1c77A,0x30A7B5aE338d7eA576B3ee31eC366E5717CCb9B1,0.000257742820873013,21000,2.668285013,0x3a41122556e447370815db1de694b5166ed5db1eccc33031f45fb2f4566f08dd
23033307,0x66E092fD00c4E4eb5BD20F5392C1902d738aE7bC,0xfAbA6f8e4a5E8Ab82F62fe7C39859FA577269BE3,0,74856,2.609285013,0x17178e37cfc7f631c1065a5e845e6408a7a8b6ae1af68a62d0ae023035ac6d3a
23033307,0x3c0E4B9D14bD412D033249Ba8054fe9e3F4ce0c7,0xA0b86991c6218b36c1d19D4a2e9Eb0cE3606eB48,0,80000,3.315472492,0x1ae6a6b473705f4f25121bac9561f6c5661a42332275d22390669df6fe92ad47
23033307,0xdda3B51E29F9d6fAd865c5DD7070d5F7EB57663e,0x8D8210a0252a706cb5dE0c6F8e46b6D3692AfC19,0.000350681251182293,7540000,2.589285013,0x5f33fc3a58b5924dbb72daaad6a2fc7e20c737570fb4bf08a2a68d8c1054967b
23033307,0x644e755a8937DF1cf6eEb935cD924EaC6CF60E68,0xdAC17F958D2ee523a2206206994597C13D831ec7,0,900000,3.579285013,0x330f16cbf5346ff1a3a7855ba6b8aaa11d4acb689a2274b74b9e05932227944c
23033307,0x25c6D84Caec5B32225dD720701d57B578E4d71e9,0xa50E54b93267CB4A93F80A4005647e3e125ffE53,0.005013404339369507,21000,2.638873456,0x00c7068e0a41997c19522d09c53226a24fd46df4c737b8b8b4e70535e6044805
23033307,0x673F7cD1886Cfc9a08E9FAd9F7b6fAe89f7c8f6D,0x0000000000000068F116a894984e2DB1123eB395,0.00349,325913,2.584185013,0x49d9967c46d9af574967cbaeaa9fbffb3bf8c92cb85479e52428f20e9dea6cbc
23033307,0xfBe536E03136181D013034C605984ec73F6Bbd0b,0xdAC17F958D2ee523a2206206994597C13D831ec7,0,73422,4.579285013,0x2bae1a05f71ab02b546222fc5fd15e80e0b68c3e2e02375ed3ac47f46044919f
23033307,0x4838B106FCe9647Bdf1E7877BF73cE8B0BAD5f97,0xC6093Fd9cc143F9f058938868b2df2daF9A91d28,0.000038100914727,21000,2.579285013,0xd7d6d1302529088e467dcfb241a03fd3a3c545218cb93d9a0c780ffc91474cfb
23033307,0x363BF79B2d8Cef74Ba0E6D9b55358F8F20adE65a,0x0000000000000068F116a894984e2DB1123eB395,0.13,168408,2.584884924,0xe367b7a0b2a4cfb9d70171fd9f4ddee32ee06e39b34fba5023493749473c809f
23033307,0x7515c4AD9b3154a3d095E1FAf2df7aE4Ca34E870,0x95fe5961368664C3dA8879D7542149DDf0738d82,0.02,290393,2.584285013,0x45dc1780537c2205d194381ac0c23535757639446ca22cd984446efa0276ff77
23033307,0xBdc32f01644Fe6b67b5a4E474190bcf2C6A1355a,0xdAC17F958D2ee523a2206206994597C13D831ec7,0,84000,2.589285013,0x633e658cb527a28f74aa9ab7d6302bc1a3399f6e6f7240388cb2882ebfb74b08
23033307,0xe22087f7DB507c1446e0C01baf4458dFec8Ff139,0xA0b86991c6218b36c1d19D4a2e9Eb0cE3606eB48,0,54924,2.879285013,0xd88e039287e656bd4885553f4f6ba2ddbf06d198aba1d2295168ccb24b6733bd
23033307,0x9E5BCDA673C9273CE10cc322c3d50c487905a7A7,0xA0b86991c6218b36c1d19D4a2e9Eb0cE3606eB48,0,54910,2.879285013,0xa5954c8012434b6455f71ca2d7ce1b3bd5a69486e0280d124f9712cf9916dc22
23033307,0xD31fa9EFD697f5DB2d4Be6935b1888cF22229e51,0xA0b86991c6218b36c1d19D4a2e9Eb0cE3606eB48,0,54910,2.879285013,0xaeae47ca7203fbc8564b5a778fe56c48bdeab37149d6c533a17188d0d82560ee
23033307,0x5Cb0CB2D607Eeb4b70bc77ae55141848Ae25B30E,0xA0b86991c6218b36c1d19D4a2e9Eb0cE3606eB48,0,54896,2.879285013,0xae2daac8862e087e22900d13e59d0c281c9f33eafdb6ddc4f06798a747fcbf22
23033307,0x54dC6782d6fC5FC05f8486d365186FF25CC44BA7,0x66968615d67Ba745D674f077e3C9f80394686c28,0,120255,2.584185013,0xa299b7a5480bdbfd4375d02e8bdd3824ac50dd2c683feb53ed07bae165e1cae1
23033307,0x5cD4EC3EAEf750987610F8E3f85a7C8EBBCC4d2f,0xf269F48ad9D947bfF3ABA14d1d99Dfb325fCB5E0,0.00017419,21000,2.591839927,0xc92d2093832dbda9df4a327a0d6d0418904f6dab83c450946c2b5ae8d901b72f
23033307,0xd3DBe2AF12A74505e515caEb8f408619685a2c0F,0x2D0776Fe3B51381C299E15715E90DADC6DCbc3C5,0.00017682,21000,2.591839927,0xf98657e39ef2f5fa0b71aed17131564c233d22d44b0388f90a59b83382989199
23033307,0x668035c440606dA01e788991Bfbba5C0d24133ab,0xaD55aebc9b8c03FC43cd9f62260391c13c23e7c0,0,77862,2.584185013,0x8f71873f65e00ec5b76cda14b60ebe16b54843decca965593bd278ff214e9e60
23033307,0x4BAa5B44700E0D6360933Ee6998C2a6f44a6F4af,0x02364aCe3ec5b91cB803B2Dd40d3828d3Dc268d6,0,334966,2.580265013,0xb75f10d4aaeef46499a36b80d4a589d2a3e84f2d7d632c3d261f7d397f809fbc
23033307,0xce87244E4d88f3a127566359e65E1C9b5deD17bd,0x37757B63De4A6a82f12337D4B8984f9F1808e709,0.112954,35640,2.589285013,0x911420968434620b229a9fb676a13480c824959c68270837386b59dcaea53fc9
23033307,0x5baBE600b9fCD5fB7b66c0611bF4896D967b23A1,0xbe47b31285cd5C85c0e249A1E690C343D2374aCe,0.000927621252558462,23520,2.589285013,0x4f3832ebb46ed1dd2c838d18b6aa9b23bbd3cfab3f15ff42f9ce40775ce9b084
23033307,0x79C10894df3861546552C784B07A253c33d83dE5,0x9d40272b220CAcb8214A553a8494113cA46e881B,0.004,21000,2.589285013,0x3e0f256ad922c8ad6ed0911cb235be9f31d5d86be7f18002c86fe28c50aba8fd
23033307,0x0e68b12eB4D3E01797f8aDa9B79E017D8A984381,0xEE98e65bC71D96c02680B88E2bbD83bF7CfbA216,0.00024632,21000,2.589285013,0x4058eaf559eeadade832f2c5a2cf764492326385ba4bb1f18341657d0423938a
23033307,0xd2674dA94285660c9b2353131bef2d8211369A4B,0x1A4e58BBa6e9A40199eDaCa9C7f7E00E72825728,0.00284993,21000,2.586285013,0xd939a7a6bb61244c941c25f929e80b1ca4aa7e0953b7c487f0b0a8c272b18e14
23033307,0xA5C8979AF6b1927088d5ef93Fa7b6480505A65CA,0x307576Dd4F73f91BB8c4A2EdB762938E8e067d31,0.033173670799515,21000,2.586285013,0xaa1d54fa054dbfbd343ac088183e43b37dd54eb3f28eda4d383cb2ff31040fdc
23033307,0x4A5CfFd4ed5dB4F06b15048A27b1F201cA407D70,0xC02aaA39b223FE8D0A0e5C4F27eAD9083C756Cc2,0.0023,42426,2.584185013,0xfc76d29b38a42b3456c9a042fc0f9ad34a03396a254caab08b3435be7b4a5a72
23033307,0x1AB4973a48dc892Cd9971ECE8e01DcC7688f8F23,0x9aE17C324137931FEa4D81fa0917cd4e398b87a5,0.00335317,200000,2.679775013,0x3bb31344c3b7372cc4a8e487f79a5103478362b0b488698d49822235d7d4a009
23033307,0x39F8670420c75b2631021e823AD6378332396FE3,0x07343270cF9Fae45dAE274b2FF3a0d5C6f9ad9ed,0,1000000,2.579775013,0xbc86ada22902574e6d986192eb72ef32471dd05a43b2fde2107194373bbc85f8
23033307,0xd952f539b8612694378e9298A1ABA62036C010e3,0x57e1C80C366B4fA993e2F85ff82D9edE9D79dA89,0,1000000,2.579775013,0xfc29cb98508c7b0006679e592d2380a723d2952b8321c1a0edba77c8a13396f5
23033307,0x7CAf266AC3Ffb916ADE7Fb94f965cb42452ffAfc,0xa44A6B811DC31783a1C3D6451cA1817d036d2291,0,1000000,2.579775013,0xd068113998128a5c61dfe97f17a075317d8c4a610ef270f4438b10e754e2a370
23033307,0x2E8C0869C173cC07c58186E9DeEA74314635b1E2,0x903Af716AA8C7C27Fd785F453D5a59C20E06bDeC,0,157743,2.579775013,0x91579f2be469df47f8a61eac711288bf31650ff9ff3d2d53874053a7e27f8ca2
23033307,0xf5aEf1AadfC4eBFCd10Ab2D20825eFAbbb877B47,0x26D85A13212433Fe6A8381969c2B0dB390a0B0ae,0,112658,2.579805154,0x8fd6bf4171dd61dae37356e390ae1ecb430c684003030b4df02bbe9967ada06e
23033307,0x32AccAEfa35620b51c061901AFf1B74991E7322b,0x26D85A13212433Fe6A8381969c2B0dB390a0B0ae,0,115614,2.579775013,0x7c7c5466da7b2be586aa56a4b607c0c2e8b8f8aecdd51f08a5c459d67e91d4a6
23033307,0x57Dd832f0d9547fcA3aA3CCEB052C2FD8818bF4d,0x3A4F41dac6000a59B79669B9356B5eB71bF4Cc59,0,700000,2.579775013,0x2813b35e9fa6966100dbd8c5cc0f56dd40a551a839fa15805a1718fd2554aff8
23033307,0xB7F75E80194756e8d2e9DF59aB61D7114d4E4E46,0x25a628019D79cDB8093d4f9E21017de2E096d0FA,0,91545,2.580037013,0x74cd3e6d20590d4b5192097e8b415bdbf27344f87b982552440442daf1292df9
23033307,0x39F6a6C85d39d5ABAd8A398310c52E7c374F2bA3,0xA0b86991c6218b36c1d19D4a2e9Eb0cE3606eB48,0,170000,2.580285013,0x7970675db7bc8f63382da2f74053e7724324ffa8892b388e7b757d4d79edeeba
23033307,0xE45CB56CEe56Dd1A94F7E5fBDFaa5BaFB3C053d3,0x5427FEFA711Eff984124bFBB1AB6fbf5E3DA1820,0,141848,2.579775013,0xb9761197baa65456b50a976342393d5ccdb407a96a42ea1d2ec3d913dbb0bee3
23033307,0x55FE002aefF02F77364de339a1292923A15844B8,0xA0b86991c6218b36c1d19D4a2e9Eb0cE3606eB48,0,150000,2.580020013,0xbfaa7f956bb775e37b41389d4876dff81e118be878eba87c460bee64e3054a96
23033307,0x0F4D4f4A7fEd8b49332e47942b4f35A89861152E,0xdAC17F958D2ee523a2206206994597C13D831ec7,0,46225,2.579775013,0x6c264ae4882fc3194c22dff7dfa055513e22a724131c1b60aff574ab7d0cb27c
23033307,0xEAdeEdE1D71D2c30451fb42Aa0D0707d816f3577,0x8170832e879064441F5beeAB731C1cCd5facDCa9,0,40528,2.579775013,0x16710df0b34978565b9da5f6ec9ca033b9b5dce3403a4a9398108e92206e15f3
23033307,0x906849514095d5A98F0697Ac8f9a9716dE0eF727,0x88ba94C94eDE60Ca5f3a63850573d619d9f324f4,0.3315106646777586,25200,2.579799513,0xfe0c238234b282795f9377b32b5438226f4821631b589528158b38d982d33796
23033307,0xE9d5a6b696E4fdF6F49FaC7EFed63C26E76E5034,0x1bbEdF8E0869821bE090b13e741005440C5F73C2,0.0004,21000,2.579775013,0x4e5160e1cf43f9c38c4acde2efed76fa8bc6bd8a9419087dc3d586b9cd75f071
23033307,0x82F8C74d2c724ce13FE3d75187859d33652fc4c6,0x80a64c6D7f12C47B7c66c5B4E20E72bc1FCd5d9e,0.01,346256,5.579285013,0x15022442e5ab8078353750b8925353228e6ff541bcf1b069398d62b17fd8a2b8
23033307,0xE85cf855751cb45fDb0D4B7E1d2EB6724433e892,0x4393b54385e91824A2Ae5DFd35e226A3313A1a18,0,57113,5.579285013,0xbb824500748698ebdf95c51e3ca82ea58f480f76a8459110784b01ba3bc65b35
23033307,0xd1617812126dD546BF468BC0f4BD5261F388e967,0x4393b54385e91824A2Ae5DFd35e226A3313A1a18,0,57113,5.579285013,0xc5559ffe2d709f1168517002ef750c31d534593600ffd610cd9877a751135fbd
23033307,0x7F7De41545212Ea0FB0a1b1F4cdD9381cA77152C,0x70b848c93F8ba3b7f5c08931325A4128D5BfBf1F,0,349030,2.579285013,0x0b03e93f21c4003e17cfdcb6cc90ec71d487258c1eff3245c8e5298e774c1a26
23033307,0xB43984074FFf6e0AF7fD717BBA78Fa31bc69B65e,0xA69babEF1cA67A37Ffaf7a485DfFF3382056e78C,2.746136E-12,233072,3.579285014,0xc2bbc3879e0649e35b6772fb5d60c607dfb55c6da55ae3d68e26b607a8055f6e
23033307,0xc835b0A6D0ABF1dafF737a21E5DB9b5a6D8488bD,0xd84FD9748620fB3Ef00dCA23c3BF445fd660034f,0.131825,21000,2.668285013,0x7623d83e5415916f530c5742ada0add29f5978502ed6e831f8d2c586dc7437b5
23033307,0xA26148AE51fa8E787DF319C04137602Cc018b521,0xdAC17F958D2ee523a2206206994597C13D831ec7,0,100000,3.18795432,0xaeaa7db8fad48b86933cacd3a4cd7138115027a13fe54b4730819d1e4973d492
23033307,0x230b7Dab98b18FCdd31A40f9bC7FE2408d11435f,0x0000000000001fF3684f28c67538d4D072C22734,0.12090755045884104,322190,2.658285013,0xc1eb1bad47d33ae53dfe2c342dde8c6ca5590c274d6d05631b88478144ccded5
23033307,0x5baBE600b9fCD5fB7b66c0611bF4896D967b23A1,0xec1555B6c8866aE68BbAc378cdb69cfC5E066eC4,0.000455376688289947,23520,2.589285013,0x0028868a2600dd8ee452808880ca739c8a6036f6a47a99527f63f4dd9862eb33
23033307,0x3616d63D55e622d8E1a6984a39Bc5eaB8cFBF456,0xdAC17F958D2ee523a2206206994597C13D831ec7,0,70000,3.079285013,0x8c9b7c3ade99775b1833a64b31774bb57a727de694b14223652aa30c7a2fb9c1
23033307,0xa03400E098F4421b34a3a44A1B4e571419517687,0xdAC17F958D2ee523a2206206994597C13D831ec7,0,105000,4.779285013,0x1ceb8ace1e1b9a10c7819ce3e3a5c8258ce880cd6ecb5824f03255928785f4ed
23033307,0x458C2A06ba8dC3dEF078513ad98e9da8ceD39E02,0xc4Cdc27E91B7C0ac55E1eeFad282AD75A9C8CfD6,0.0005222,22000,3,0x08d007e9747e3115de54b9090ce8eeec46f69826305b80dd89466f01b3b0a457
23033307,0xF42AAc93aB142090Db9FDC0bc86aAb73cb36f173,0x24fcFC492C1393274B6bcd568ac9e225BEc93584,0,90000,4.579285013,0x080f3dbb179f363d95a8127f8713fa2c2a14f1bc6f36b3be85ad61841fbf58fd
23033307,0x0639556F03714A74a5fEEaF5736a4A64fF70D206,0x2a3bFF78B79A009976EeA096a51A948a3dC00e34,0,100000,2.679775013,0x48b7ce41a1cee9391b079e500524206399b5bfd6a3e3ede07f80326ffd9c5d39
23033307,0x82c20A229d7Ad1a34E663732B217AB8fc3fe3a1C,0x73886296088814b7606eA1A82043Fbe4aEbbDaec,0,8388608,2.579445013,0x05ced8fede36221b278935a7f9f7cbff230a97cbfda0d88b3df2d5b3d53ba7da
23033307,0x2Bef180b3346caE4146d670313D3104C3a49Ba91,0x3c11F6265Ddec22f4d049Dde480615735f451646,0,603288,3.579285013,0x6680558fc2b17a1a589dc2d7ca2654d92178504353b973ee49968b9cd7e70660
23033307,0x2743d304914260ca44d6C7Abc831DFAd316430D4,0xA0E7B0BD9c42240CB39AbC30e6603b6983575EAb,0.013341512664774874,21000,3.006090464,0xd0552d9b57e33cee60b08001acb6aa05cce1038dc6e9e3c65997ce4ca8d25670
23033307,0x2Cf00ACfaf833931Bd95329A2aDA01c2CDDF76B0,0xC4868E5a7cb329d59e2E5E64Df7a5770F2BEe03B,0.033326045962723519,21000,4.579285013,0x61599f1d70971bbe4d0d0af61367fedfc388e32b027287af9c4e8c4970b4674f
23033307,0x629CF202CED5892C16bA2502fcD336b1F25F1f56,0x26D85A13212433Fe6A8381969c2B0dB390a0B0ae,0,126125,3.101585013,0x421eee3e9ddd688cbf3842923c9ad99a62f9ae27dd727b6a42193f614f43753c
23033307,0x4838B106FCe9647Bdf1E7877BF73cE8B0BAD5f97,0xd73325Ce2DB1C56a58957a0B1Eed7aA0EaC299b1,0.022621967616655302,21000,2.579285013,0x489a6bbf2e791b952de99788c2ae6be6da6c210075c0ee9ba49a0bfc3810fafc
